run_id,run_date,ticker,rank,score_rank,base_score,base_weeks,width_pct,bb_pctile,vol_dryup_ratio,rs_slope_pct_per_wk,to_pivot_pct,pivot_price,signal
20260514,2026-05-14T15:10:43.298630+00:00,APLS,1,3,73.6,6.0,1.8,0.0,1.48,-1.71,-0.22,41.12,📊
20260514,2026-05-14T15:10:43.298630+00:00,UGP,2,4,72.1,6.0,8.0,0.8,0.74,-1.34,-3.44,6.11,⏳
20260514,2026-05-14T15:10:43.298630+00:00,TIGO,3,5,62.3,6.0,8.5,3.2,0.93,-1.56,-4.68,84.88,⏳
20260514,2026-05-14T15:10:43.298630+00:00,TTE,4,6,61.4,8.0,7.0,33.3,0.61,-1.69,-2.86,93.6,📊
20260514,2026-05-14T15:10:43.298630+00:00,HSBC,5,7,60.8,20.0,17.8,3.2,0.69,0.57,-0.89,92.16,🔥
20260514,2026-05-14T15:10:43.298630+00:00,GSAT,6,8,60.0,6.0,12.1,0.0,1.2,-0.02,-0.76,82.67,📊
20260514,2026-05-14T15:10:43.298630+00:00,TD,7,9,58.8,21.0,16.7,21.4,0.64,0.53,-0.79,108.6,🔥
20260514,2026-05-14T15:10:43.298630+00:00,NEM,8,10,58.4,6.0,11.0,18.3,0.65,-2.0,-4.06,120.9,⏳
20260514,2026-05-14T15:10:43.298630+00:00,GLNG,9,11,57.6,7.0,9.6,65.1,0.61,-1.57,-1.52,57.36,📊
20260514,2026-05-14T15:10:43.298630+00:00,DAR,10,12,55.9,7.0,10.6,19.8,0.88,-1.63,-3.06,64.84,⏳
20260514,2026-05-14T15:10:43.298630+00:00,ROIV,11,13,54.8,13.0,11.5,20.6,0.84,-0.41,-1.14,29.83,🔥
20260514,2026-05-14T15:10:43.298630+00:00,CENX,12,14,54.0,6.0,13.3,0.0,0.58,-3.18,-9.52,67.94,⏳
20260514,2026-05-14T15:10:43.298630+00:00,JCI,13,15,53.8,28.0,24.5,4.0,0.7,0.93,-1.25,146.03,🔥
20260514,2026-05-14T15:10:43.298630+00:00,MS,14,16,51.4,33.0,22.8,1.6,0.63,0.31,1.02,193.35,📊
20260514,2026-05-14T15:10:43.298630+00:00,MOD,15,17,51.3,6.0,24.9,24.6,0.66,1.94,-1.06,284.8,🔥
20260514,2026-05-14T15:10:43.298630+00:00,C,16,18,51.1,22.0,20.7,10.3,0.75,0.36,-5.58,132.42,⏳
20260514,2026-05-14T15:10:43.298630+00:00,WMB,17,19,50.5,13.0,7.8,73.0,0.85,-0.58,0.0,76.35,📊
20260514,2026-05-14T15:10:43.298630+00:00,SRRK,18,20,49.2,23.0,20.7,6.3,0.87,0.24,-0.8,50.17,🔥
20260514,2026-05-14T15:10:43.298630+00:00,MGA,19,21,48.6,11.0,18.0,0.0,0.93,-0.29,-0.33,63.67,🔥
20260514,2026-05-14T15:10:43.298630+00:00,SLB,20,22,48.4,17.0,21.7,23.0,0.68,0.65,-2.64,56.92,🔥
20260514,2026-05-14T15:10:43.298630+00:00,PL,21,23,48.2,6.0,18.9,22.2,0.66,0.35,-0.49,41.84,🔥
20260514,2026-05-14T15:10:43.298630+00:00,NOV,22,24,47.5,16.0,12.8,23.0,0.99,0.11,-1.73,20.82,📊
20260514,2026-05-14T15:10:43.298630+00:00,PAA,23,25,47.4,10.0,9.1,88.1,0.92,-0.95,-1.74,22.65,📊
20260514,2026-05-14T15:10:43.298630+00:00,SU,24,26,47.3,8.0,12.2,52.4,0.6,-1.69,-5.54,69.65,📊
20260514,2026-05-14T15:10:43.298630+00:00,STT,25,27,47.3,22.0,22.5,0.0,1.0,0.59,-0.49,154.02,📊
20260514,2026-05-14T15:10:43.298630+00:00,KEYS,26,28,46.9,6.0,20.6,31.0,0.76,1.31,-1.48,366.68,📊
20260514,2026-05-14T15:10:43.298630+00:00,ARWR,27,29,46.5,6.0,23.4,38.9,0.7,2.48,0.0,79.68,📊
20260514,2026-05-14T15:10:43.298630+00:00,GS,28,30,45.5,35.0,24.7,8.7,0.73,0.4,-0.09,970.75,🔥
20260514,2026-05-14T15:10:43.298630+00:00,CSX,29,31,44.7,23.0,24.8,20.6,0.93,1.04,-2.6,46.18,🔥
20260514,2026-05-14T15:10:43.298630+00:00,SSL,30,32,44.6,8.0,15.5,25.4,0.56,-1.03,-8.4,14.29,⏳
20260514,2026-05-14T15:10:43.298630+00:00,BK,31,33,44.4,34.0,24.9,4.8,0.98,0.55,-1.15,137.37,📊
20260514,2026-05-14T15:10:43.298630+00:00,CM,32,34,43.9,22.0,20.3,14.3,1.05,0.86,-0.71,112.22,📊
20260514,2026-05-14T15:10:43.298630+00:00,CAT,33,35,43.8,6.0,22.8,78.6,0.85,2.39,-1.69,926.93,📊
20260514,2026-05-14T15:10:43.298630+00:00,SQM,34,36,43.8,7.0,19.2,1.6,0.82,0.19,-8.52,94.63,⏳
20260514,2026-05-14T15:10:43.298630+00:00,TRP,35,37,43.6,12.0,10.3,96.0,0.93,-0.42,1.45,66.93,📊
20260514,2026-05-14T15:10:43.298630+00:00,HST,36,38,43.4,21.0,21.2,30.2,0.73,0.75,-1.84,22.27,📊
20260514,2026-05-14T15:10:43.298630+00:00,TECK,37,39,43.0,6.0,21.4,77.0,0.7,1.17,-0.97,66.84,📊
20260514,2026-05-14T15:10:43.298630+00:00,AA,38,40,42.9,18.0,23.5,4.8,0.61,0.37,-9.25,73.31,⏳
20260514,2026-05-14T15:10:43.298630+00:00,TRGP,39,41,42.8,11.0,12.0,71.4,0.8,-0.18,1.09,260.08,📊
20260514,2026-05-14T15:10:43.298630+00:00,ROKU,40,42,42.8,6.0,24.6,45.2,0.83,3.16,-2.47,129.53,📊
20260514,2026-05-14T15:10:43.298630+00:00,DOW,41,43,42.7,9.0,15.0,13.5,0.84,-1.43,-7.48,41.87,⏳
20260514,2026-05-14T15:10:43.298630+00:00,TS,42,44,42.6,7.0,10.5,31.0,0.91,-0.81,-1.27,63.9,📊
20260514,2026-05-14T15:10:43.298630+00:00,VAL,43,45,42.6,13.0,15.8,68.3,0.56,-0.22,-3.58,103.98,📊
20260514,2026-05-14T15:10:43.298630+00:00,KNX,44,46,42.4,21.0,21.0,20.6,1.16,0.66,-1.6,65.77,📊
20260514,2026-05-14T15:10:43.298630+00:00,VOD,45,47,42.2,15.0,12.3,27.0,0.98,-0.11,-4.6,16.32,⏳
20260514,2026-05-14T15:10:43.298630+00:00,AMZN,46,48,42.0,6.0,23.7,46.0,0.88,2.24,-2.63,274.99,📊
20260514,2026-05-14T15:10:43.298630+00:00,CGON,47,49,42.0,9.0,14.9,35.7,0.67,-0.88,-5.31,74.0,📊
20260514,2026-05-14T15:10:43.298630+00:00,AMX,48,50,41.8,13.0,16.6,38.9,0.7,0.44,0.0,27.56,📊
20260514,2026-05-14T15:10:43.298630+00:00,FTI,49,51,41.6,6.0,8.9,38.1,0.93,-1.64,-5.36,76.99,📊
20260514,2026-05-14T15:10:43.298630+00:00,CX,50,52,41.1,6.0,17.1,81.0,0.81,0.74,-1.88,13.55,📊
20260514,2026-05-14T15:10:43.298630+00:00,IRM,51,53,41.0,6.0,21.8,58.7,1.05,1.93,-3.68,132.06,📊
20260514,2026-05-14T15:10:43.298630+00:00,IBKR,52,54,40.4,6.0,22.2,61.9,0.86,1.73,-0.15,87.04,📊
20260514,2026-05-14T15:10:43.298630+00:00,VLO,53,55,40.3,9.0,12.1,50.0,0.81,-1.45,-4.77,254.32,📊
20260514,2026-05-14T15:10:43.298630+00:00,CVE,54,56,40.1,8.0,19.5,89.7,0.57,0.05,-2.87,30.45,📊
20260518,2026-05-19T02:18:35.118298+00:00,WMT,1,3,67.3,15.0,11.0,2.4,0.73,-0.27,-0.02,133.36,🔥
20260518,2026-05-19T02:18:35.118298+00:00,TTE,2,4,65.8,8.0,7.0,23.8,0.58,-1.67,-0.18,93.6,🔥
20260518,2026-05-19T02:18:35.118298+00:00,GSAT,3,5,64.9,6.0,11.8,0.0,1.14,0.0,-1.16,82.67,📊
20260518,2026-05-19T02:18:35.118298+00:00,UGP,4,6,64.4,6.0,8.0,6.3,0.9,-1.49,-4.58,6.11,⏳
20260518,2026-05-19T02:18:35.118298+00:00,TIGO,5,7,63.1,6.0,8.3,7.9,0.88,-1.71,-4.89,84.88,⏳
20260518,2026-05-19T02:18:35.118298+00:00,HSBC,6,8,62.6,20.0,17.0,0.0,0.71,0.5,-1.66,91.65,🔥
20260518,2026-05-19T02:18:35.118298+00:00,DAR,7,9,62.5,7.0,10.6,0.8,0.85,-1.56,-4.18,64.84,⏳
20260518,2026-05-19T02:18:35.118298+00:00,AMX,8,10,58.1,6.0,6.3,36.5,0.71,-1.12,-1.97,27.42,📊
20260518,2026-05-19T02:18:35.118298+00:00,MS,9,11,57.5,34.0,23.2,3.2,0.66,0.3,-0.95,194.53,🔥
20260518,2026-05-19T02:18:35.118298+00:00,TD,10,12,57.1,21.0,16.7,26.2,0.57,0.52,-0.2,108.6,📊
20260518,2026-05-19T02:18:35.118298+00:00,AVGO,11,13,55.7,6.0,24.1,4.0,0.73,1.47,-4.34,439.79,⏳
20260518,2026-05-19T02:18:35.118298+00:00,VNOM,12,14,55.0,13.0,15.5,25.4,0.44,0.05,-2.22,50.23,📊
20260518,2026-05-19T02:18:35.118298+00:00,ROIV,13,15,53.6,13.0,11.5,11.9,0.95,-0.55,-4.29,29.83,⏳
20260518,2026-05-19T02:18:35.118298+00:00,BP,14,16,53.4,9.0,9.9,53.2,0.58,-1.86,-2.98,47.09,📊
20260518,2026-05-19T02:18:35.118298+00:00,FTI,15,17,52.9,6.0,8.9,19.8,0.96,-1.57,-4.59,76.99,⏳
20260518,2026-05-19T02:18:35.118298+00:00,LBRT,16,18,52.9,13.0,23.9,8.7,0.85,0.88,-2.53,33.93,🔥
20260518,2026-05-19T02:18:35.118298+00:00,GS,17,19,51.8,35.0,24.4,10.3,0.72,0.39,-2.51,970.75,🔥
20260518,2026-05-19T02:18:35.118298+00:00,SLB,18,20,50.4,18.0,22.7,14.3,0.66,0.74,0.0,57.15,🔥
20260518,2026-05-19T02:18:35.118298+00:00,GLNG,19,21,49.5,8.0,9.6,61.9,0.67,-1.35,-1.01,57.36,📊
20260518,2026-05-19T02:18:35.118298+00:00,TS,20,22,48.8,8.0,10.6,19.8,0.88,-0.72,-2.85,63.9,🔥
20260518,2026-05-19T02:18:35.118298+00:00,PBR,21,23,48.2,7.0,11.1,45.2,0.55,-1.85,-6.04,22.03,📊
20260518,2026-05-19T02:18:35.118298+00:00,ADI,22,24,48.0,6.0,24.3,36.5,0.88,2.65,-3.19,432.39,📊
20260518,2026-05-19T02:18:35.118298+00:00,SSL,23,25,48.0,9.0,17.1,18.3,0.51,-0.69,-6.58,14.29,⏳
20260518,2026-05-19T02:18:35.118298+00:00,SU,24,26,47.8,9.0,13.1,50.0,0.59,-1.17,0.0,69.73,📊
20260518,2026-05-19T02:18:35.118298+00:00,STT,25,27,47.8,22.0,22.5,0.8,0.94,0.58,-0.18,154.02,🔥
20260518,2026-05-19T02:18:35.118298+00:00,GOOGL,26,28,47.5,6.0,24.1,88.1,0.86,3.41,-1.41,402.62,📊
20260518,2026-05-19T02:18:35.118298+00:00,CM,27,30,46.5,22.0,20.1,18.3,0.84,0.85,-0.13,112.22,🔥
20260518,2026-05-19T02:18:35.118298+00:00,WMB,28,31,45.6,12.0,7.7,77.0,0.9,-0.7,1.81,76.31,📊
20260518,2026-05-19T02:18:35.118298+00:00,NOV,29,32,45.5,15.0,12.8,15.9,1.0,0.02,1.68,20.82,📊
20260518,2026-05-19T02:18:35.118298+00:00,MUR,30,33,45.3,8.0,13.7,27.8,0.62,-2.32,-5.38,42.74,⏳
20260518,2026-05-19T02:18:35.118298+00:00,MAC,31,34,45.0,22.0,22.3,14.3,1.64,0.82,-2.1,22.34,📊
20260518,2026-05-19T02:18:35.118298+00:00,VLO,32,36,44.4,9.0,12.1,31.0,0.77,-1.24,1.65,254.32,📊
20260518,2026-05-19T02:18:35.118298+00:00,BK,33,37,44.1,34.0,24.9,7.1,0.93,0.55,-0.58,137.37,🔥
20260518,2026-05-19T02:18:35.118298+00:00,LSCC,34,38,43.7,6.0,24.9,9.5,1.43,1.8,-4.51,128.96,⏳
20260518,2026-05-19T02:18:35.118298+00:00,UNH,35,39,43.1,6.0,24.1,57.1,0.84,3.49,-2.5,401.16,📊
20260518,2026-05-19T02:18:35.118298+00:00,PL,36,40,43.0,6.0,21.2,35.7,0.69,1.11,-3.32,43.04,📊
20260518,2026-05-19T02:18:35.118298+00:00,ROKU,37,41,42.4,6.0,23.9,42.1,0.83,2.76,-4.15,129.53,📊
20260518,2026-05-19T02:18:35.118298+00:00,C,38,42,41.9,22.0,20.7,9.5,0.74,0.3,-7.56,132.42,⏳
20260518,2026-05-19T02:18:35.118298+00:00,ARWR,39,43,41.9,6.0,23.2,30.2,0.67,1.98,-7.2,79.69,📊
20260518,2026-05-19T02:18:35.118298+00:00,EOG,40,44,41.4,11.0,14.7,39.7,0.66,-0.97,-3.86,148.74,📊
20260518,2026-05-19T02:18:35.118298+00:00,PAA,41,45,41.2,10.0,9.1,81.7,0.92,-0.81,2.3,22.65,📊
20260518,2026-05-19T02:18:35.118298+00:00,FRO,42,46,41.0,13.0,24.1,27.0,0.59,0.37,-4.48,39.51,⏳
20260518,2026-05-19T02:18:35.118298+00:00,SIRI,43,47,40.6,11.0,22.7,6.3,1.17,1.29,-6.08,27.78,⏳
20260518,2026-05-19T02:18:35.118298+00:00,LYB,44,48,40.4,10.0,20.4,4.0,0.68,-1.54,-10.01,82.38,📊
20260518,2026-05-19T02:18:35.118298+00:00,HST,45,49,40.3,21.0,21.2,31.7,0.82,0.73,-1.8,22.27,📊
20260518,2026-05-19T02:18:35.118298+00:00,EQNR,46,50,40.0,9.0,16.3,35.7,0.52,-2.33,-5.51,41.97,📊
20260520,2026-05-21T02:08:16.603545+00:00,WBD,1,2,81.3,9.0,2.9,1.6,0.63,-1.87,-0.76,27.63,🔥
20260520,2026-05-21T02:08:16.603545+00:00,TTE,2,4,68.5,8.0,7.0,22.2,0.57,-1.65,-1.13,93.6,🔥
20260520,2026-05-21T02:08:16.603545+00:00,GSAT,3,5,67.6,6.0,11.8,0.8,1.09,-0.12,-0.27,82.67,📊
20260520,2026-05-21T02:08:16.603545+00:00,AMX,4,6,67.4,6.0,6.3,21.4,0.71,-0.95,-2.7,27.42,🔥
20260520,2026-05-21T02:08:16.603545+00:00,TIGO,5,7,64.7,6.0,8.3,10.3,0.86,-1.58,-0.91,84.88,🔥
20260520,2026-05-21T02:08:16.603545+00:00,NUE,6,8,58.6,6.0,21.4,19.8,0.91,2.69,-3.65,234.22,⏳
20260520,2026-05-21T02:08:16.603545+00:00,LBRT,7,9,57.8,13.0,22.5,0.0,0.82,0.73,-3.57,33.93,⏳
20260520,2026-05-21T02:08:16.603545+00:00,AVGO,8,10,57.0,6.0,19.3,2.4,0.74,0.6,-5.01,439.79,⏳
20260520,2026-05-21T02:08:16.603545+00:00,HSBC,9,11,56.4,20.0,17.0,8.7,0.69,0.48,0.37,91.65,📊
20260520,2026-05-21T02:08:16.603545+00:00,ARWR,10,12,53.9,6.0,20.0,26.2,0.65,1.42,-3.2,79.69,⏳
20260520,2026-05-21T02:08:16.603545+00:00,BP,11,13,53.4,9.0,9.0,55.6,0.58,-1.97,-4.16,47.09,📊
20260520,2026-05-21T02:08:16.603545+00:00,UGP,12,14,53.2,7.0,8.0,9.5,1.05,-1.46,-5.24,6.11,⏳
20260520,2026-05-21T02:08:16.603545+00:00,SLB,13,15,53.0,18.0,22.2,11.1,0.67,0.67,0.0,57.28,🔥
20260520,2026-05-21T02:08:16.603545+00:00,AMZN,14,16,52.4,6.0,15.0,17.5,0.87,0.58,-3.63,274.99,⏳
20260520,2026-05-21T02:08:16.603545+00:00,SAN,15,17,51.1,24.0,20.3,10.3,0.44,-0.05,-5.13,13.05,⏳
20260520,2026-05-21T02:08:16.603545+00:00,CIEN,16,18,50.8,6.0,21.0,34.1,0.57,1.72,-6.22,591.57,📊
20260520,2026-05-21T02:08:16.603545+00:00,FRO,17,19,50.8,13.0,23.6,11.9,0.53,0.18,-1.44,39.51,🔥
20260520,2026-05-21T02:08:16.603545+00:00,VLY,18,20,50.5,22.0,16.1,23.0,0.71,0.36,-2.98,13.77,🔥
20260520,2026-05-21T02:08:16.603545+00:00,STLD,19,21,50.3,6.0,21.4,20.6,0.8,2.18,-5.6,241.85,⏳
20260520,2026-05-21T02:08:16.603545+00:00,SIRI,20,22,49.6,11.0,22.7,3.2,1.0,1.12,-2.63,27.78,📊
20260520,2026-05-21T02:08:16.603545+00:00,NTRS,21,23,49.3,22.0,21.5,0.0,0.95,0.5,-3.37,171.74,⏳
20260520,2026-05-21T02:08:16.603545+00:00,SU,22,24,49.0,9.0,12.3,46.8,0.59,-1.23,-2.72,69.73,📊
20260520,2026-05-21T02:08:16.603545+00:00,MAR,23,25,48.9,21.0,19.1,13.5,0.85,0.48,-2.37,378.72,🔥
20260520,2026-05-21T02:08:16.603545+00:00,FTI,24,26,48.8,7.0,9.4,18.3,0.98,-1.51,-6.09,76.94,⏳
20260520,2026-05-21T02:08:16.603545+00:00,TD,25,27,48.6,22.0,17.5,29.4,0.59,0.52,0.0,109.58,📊
20260520,2026-05-21T02:08:16.603545+00:00,STT,26,28,48.6,23.0,22.5,2.4,0.88,0.62,0.0,154.07,🔥
20260520,2026-05-21T02:08:16.603545+00:00,PBA,27,29,48.4,14.0,14.4,92.9,0.62,-0.11,-0.59,49.55,📊
20260520,2026-05-21T02:08:16.603545+00:00,PL,28,30,48.1,6.0,21.2,37.3,0.67,1.87,-0.88,43.04,📊
20260520,2026-05-21T02:08:16.603545+00:00,TS,29,31,47.8,8.0,10.5,19.8,0.91,-0.8,-3.15,62.66,⏳
20260520,2026-05-21T02:08:16.603545+00:00,BNS,30,32,47.7,35.0,19.3,14.3,0.73,0.34,0.64,78.45,📊
20260520,2026-05-21T02:08:16.603545+00:00,SSL,31,33,47.4,9.0,15.8,16.7,0.52,-0.89,-8.82,14.29,⏳
20260520,2026-05-21T02:08:16.603545+00:00,GLNG,32,34,46.6,8.0,9.6,55.6,0.73,-1.29,-3.31,57.36,📊
20260520,2026-05-21T02:08:16.603545+00:00,MGA,33,35,46.2,12.0,18.6,2.4,0.89,-0.4,-4.15,63.6,⏳
20260520,2026-05-21T02:08:16.603545+00:00,JBL,34,36,45.9,6.0,21.3,2.4,1.12,1.24,-7.28,372.26,⏳
20260520,2026-05-21T02:08:16.603545+00:00,CSX,35,37,45.8,24.0,24.8,3.2,0.99,1.01,-0.56,46.2,📊
20260520,2026-05-21T02:08:16.603545+00:00,MS,36,38,45.4,34.0,23.2,7.1,0.68,0.3,1.67,194.53,📊
20260520,2026-05-21T02:08:16.603545+00:00,ROKU,37,39,44.9,6.0,22.8,34.1,0.81,2.24,-4.15,129.53,📊
20260520,2026-05-21T02:08:16.603545+00:00,UNH,38,40,44.5,6.0,24.1,56.3,0.7,3.48,-4.45,401.16,📊
20260520,2026-05-21T02:08:16.603545+00:00,WMB,39,41,44.5,13.0,9.4,77.0,0.95,-0.53,0.21,77.72,📊
20260520,2026-05-21T02:08:16.603545+00:00,GOOGL,40,42,44.3,6.0,21.2,77.0,0.9,3.13,-3.41,402.62,📊
20260520,2026-05-21T02:08:16.603545+00:00,PFG,41,43,44.2,37.0,24.7,7.1,0.73,0.47,1.24,101.55,📊
20260520,2026-05-21T02:08:16.603545+00:00,MUR,42,45,43.5,9.0,13.7,22.2,0.61,-1.85,-8.01,42.37,⏳
20260520,2026-05-21T02:08:16.603545+00:00,C,43,46,43.2,23.0,20.7,14.3,0.75,0.31,-5.74,132.42,⏳
20260520,2026-05-21T02:08:16.603545+00:00,SKM,44,47,43.1,6.0,10.1,38.9,1.14,-0.77,-4.21,39.63,📊
20260520,2026-05-21T02:08:16.603545+00:00,GGB,45,48,42.7,6.0,15.2,46.8,0.84,1.05,-4.14,4.89,📊
20260520,2026-05-21T02:08:16.603545+00:00,NOV,46,49,42.4,16.0,12.8,22.2,1.01,0.1,1.59,20.82,📊
20260520,2026-05-21T02:08:16.603545+00:00,BHP,47,50,42.3,6.0,15.4,72.2,0.61,0.46,-7.99,90.81,📊
20260520,2026-05-21T02:08:16.603545+00:00,CM,48,51,42.2,22.0,20.3,21.4,0.78,0.85,1.91,112.22,📊
20260520,2026-05-21T02:08:16.603545+00:00,MKSI,49,52,41.6,6.0,17.7,45.2,0.93,1.44,-2.56,319.71,📊
20260520,2026-05-21T02:08:16.603545+00:00,HAL,50,53,41.0,15.0,21.9,38.9,0.69,1.07,-1.58,42.98,📊
20260520,2026-05-21T02:08:16.603545+00:00,BK,51,54,40.7,34.0,24.9,13.5,0.91,0.55,-0.16,137.37,🔥
20260520,2026-05-21T02:08:16.603545+00:00,TSM,52,55,40.5,19.0,24.6,5.6,1.06,0.84,-4.26,419.5,⏳
20260520,2026-05-21T02:08:16.603545+00:00,CHRD,53,56,40.5,10.0,17.8,30.2,0.71,-0.44,-2.74,149.65,📊
20260520,2026-05-21T02:08:16.603545+00:00,LSCC,54,57,40.2,6.0,23.5,19.0,1.54,1.68,0.0,138.74,📊
20260520,2026-05-21T02:08:16.603545+00:00,BEN,55,58,40.0,6.0,23.0,77.0,0.97,3.2,-3.55,32.35,📊
20260521,2026-05-22T00:42:31.195949+00:00,TTE,1,2,67.9,9.0,7.0,22.2,0.58,-1.42,-1.34,93.6,🔥
20260521,2026-05-22T00:42:31.195949+00:00,AMX,2,3,67.7,6.0,6.3,20.6,0.66,-0.83,-3.98,27.42,⏳
20260521,2026-05-22T00:42:31.195949+00:00,NUE,3,4,61.7,6.0,20.5,15.1,0.9,2.34,-3.32,234.22,⏳
20260521,2026-05-22T00:42:31.195949+00:00,GSAT,4,5,60.3,7.0,12.2,1.6,1.04,-0.14,0.0,82.71,📊
20260521,2026-05-22T00:42:31.195949+00:00,LBRT,5,6,59.7,13.0,22.5,0.0,0.76,0.68,-3.09,33.93,⏳
20260521,2026-05-22T00:42:31.195949+00:00,AMZN,6,7,59.3,6.0,13.3,10.3,0.87,0.39,-2.37,274.99,🔥
20260521,2026-05-22T00:42:31.195949+00:00,AVGO,7,8,58.0,6.0,15.5,4.0,0.74,0.19,-5.73,439.79,⏳
20260521,2026-05-22T00:42:31.195949+00:00,MAC,8,9,57.3,6.0,5.5,21.4,1.69,-0.87,-0.27,22.43,📊
20260521,2026-05-22T00:42:31.195949+00:00,VLY,9,10,56.5,22.0,16.1,16.7,0.61,0.33,-2.61,13.77,🔥
20260521,2026-05-22T00:42:31.195949+00:00,HSBC,10,11,56.2,20.0,17.0,9.5,0.67,0.46,0.43,91.65,📊
20260521,2026-05-22T00:42:31.195949+00:00,STLD,11,12,55.5,6.0,21.2,14.3,0.77,1.88,-4.14,241.85,⏳
20260521,2026-05-22T00:42:31.195949+00:00,UGP,12,13,55.5,7.0,8.0,7.9,1.1,-1.51,-5.24,6.11,⏳
20260521,2026-05-22T00:42:31.195949+00:00,SSL,13,14,54.4,9.0,15.5,8.7,0.52,-0.95,-7.14,14.29,⏳
20260521,2026-05-22T00:42:31.195949+00:00,FRO,14,15,54.3,13.0,23.6,4.8,0.56,0.13,-2.71,39.51,🔥
20260521,2026-05-22T00:42:31.195949+00:00,JBL,15,16,53.8,6.0,19.6,4.0,1.12,1.04,-4.26,372.26,⏳
20260521,2026-05-22T00:42:31.195949+00:00,TIGO,16,17,53.4,6.0,8.3,20.6,0.89,-1.37,2.27,84.88,📊
20260521,2026-05-22T00:42:31.195949+00:00,CIEN,17,18,52.6,6.0,21.0,34.9,0.56,1.9,-0.73,591.57,📊
20260521,2026-05-22T00:42:31.195949+00:00,SLB,18,19,52.3,18.0,22.2,12.7,0.64,0.63,-0.05,57.28,🔥
20260521,2026-05-22T00:42:31.195949+00:00,ARWR,19,20,51.2,6.0,20.0,25.4,0.63,1.29,-5.21,79.69,⏳
20260521,2026-05-22T00:42:31.195949+00:00,NTRS,20,21,50.0,22.0,21.5,0.8,0.93,0.5,-2.7,171.74,🔥
20260521,2026-05-22T00:42:31.195949+00:00,MAR,21,22,49.4,21.0,18.3,15.1,0.84,0.47,-2.15,378.72,🔥
20260521,2026-05-22T00:42:31.195949+00:00,STT,22,23,49.4,23.0,22.5,3.2,0.85,0.61,-0.25,154.07,🔥
20260521,2026-05-22T00:42:31.195949+00:00,ROKU,23,24,49.2,6.0,20.9,28.6,0.79,1.88,-3.44,129.53,⏳
20260521,2026-05-22T00:42:31.195949+00:00,SU,24,25,48.6,9.0,12.3,45.2,0.6,-1.24,-2.87,69.73,📊
20260521,2026-05-22T00:42:31.195949+00:00,MGA,25,26,47.9,12.0,18.0,4.0,0.86,-0.33,-0.13,63.17,🔥
20260521,2026-05-22T00:42:31.195949+00:00,TS,26,27,47.6,8.0,10.5,20.6,0.92,-0.79,-1.43,62.66,🔥
20260521,2026-05-22T00:42:31.195949+00:00,CSX,27,28,47.5,24.0,24.8,3.2,0.93,1.0,-0.65,46.2,🔥
20260521,2026-05-22T00:42:31.195949+00:00,PBA,28,29,46.5,14.0,14.4,89.7,0.65,-0.13,-0.46,49.55,📊
20260521,2026-05-22T00:42:31.195949+00:00,TSM,29,30,45.2,19.0,24.6,0.0,1.05,0.82,-2.94,419.5,📊
20260521,2026-05-22T00:42:31.195949+00:00,TGT,30,31,45.2,14.0,14.7,23.0,0.97,0.12,-3.6,130.86,⏳
20260521,2026-05-22T00:42:31.195949+00:00,BHP,31,32,44.8,6.0,15.4,70.6,0.62,0.5,-6.46,90.81,📊
20260521,2026-05-22T00:42:31.195949+00:00,PFG,32,33,44.8,37.0,24.8,5.6,0.71,0.46,1.48,102.4,📊
20260521,2026-05-22T00:42:31.195949+00:00,BNS,33,34,44.7,35.0,19.3,16.7,0.75,0.33,1.25,78.45,📊
20260521,2026-05-22T00:42:31.195949+00:00,WFRD,34,35,44.7,17.0,23.8,10.3,0.82,0.39,-1.26,111.42,🔥
20260521,2026-05-22T00:42:31.195949+00:00,NOV,35,36,44.5,17.0,14.3,23.8,1.01,0.11,-1.46,21.17,📊
20260521,2026-05-22T00:42:31.195949+00:00,C,36,37,44.0,23.0,20.7,13.5,0.75,0.29,-5.44,132.42,⏳
20260521,2026-05-22T00:42:31.195949+00:00,PL,37,38,43.7,7.0,21.2,37.3,0.66,1.12,-1.3,43.04,📊
20260521,2026-05-22T00:42:31.195949+00:00,GGB,38,39,43.6,6.0,14.6,42.1,0.84,1.03,-3.93,4.89,📊
20260521,2026-05-22T00:42:31.195949+00:00,GOOGL,39,40,43.3,6.0,21.2,69.8,0.92,2.96,-3.72,402.62,📊
20260521,2026-05-22T00:42:31.195949+00:00,AA,40,41,43.3,19.0,23.5,4.0,0.58,0.21,-9.46,73.19,⏳
20260521,2026-05-22T00:42:31.195949+00:00,WMB,41,43,42.9,14.0,11.3,75.4,0.95,-0.48,-2.37,79.4,📊
20260521,2026-05-22T00:42:31.195949+00:00,FTI,42,44,42.8,7.0,8.9,27.8,0.96,-1.55,-7.18,76.94,⏳
20260521,2026-05-22T00:42:31.195949+00:00,UNH,43,45,42.4,6.0,24.1,55.6,0.76,3.27,-4.66,401.16,📊
20260521,2026-05-22T00:42:31.195949+00:00,MKSI,44,46,42.3,6.0,17.0,46.8,0.95,1.48,-2.05,319.71,📊
20260521,2026-05-22T00:42:31.195949+00:00,VALE,45,47,41.8,19.0,22.0,7.1,0.73,0.18,-7.58,17.82,⏳
20260521,2026-05-22T00:42:31.195949+00:00,CM,46,48,41.6,22.0,20.1,23.8,0.73,0.85,2.35,112.22,📊
20260521,2026-05-22T00:42:31.195949+00:00,HAL,47,49,41.3,17.0,24.0,34.9,0.68,1.16,-2.37,42.98,📊
20260521,2026-05-22T00:42:31.195949+00:00,SKM,48,50,41.0,6.0,8.9,42.9,1.13,-0.72,-1.39,39.63,📊
20260521,2026-05-22T00:42:31.195949+00:00,TECK,49,51,40.6,6.0,15.9,64.3,0.72,0.38,-5.75,66.84,📊
20260521,2026-05-22T00:42:31.195949+00:00,CHRD,50,52,40.0,10.0,17.8,26.2,0.72,-0.56,-3.71,148.35,⏳
20260522,2026-05-22T14:30:58.495141+00:00,TTE,1,2,68.0,9.0,7.0,22.2,0.57,-1.45,-2.9,93.6,🔥
20260522,2026-05-22T14:30:58.495141+00:00,GSAT,2,3,63.6,7.0,12.3,2.4,0.99,-0.04,0.0,82.89,📊
20260522,2026-05-22T14:30:58.495141+00:00,NUE,3,4,61.8,6.0,19.1,7.9,0.87,2.08,-1.59,234.22,🔥
20260522,2026-05-22T14:30:58.495141+00:00,AMZN,4,5,60.4,6.0,12.8,10.3,0.82,0.26,-2.42,274.99,🔥
20260522,2026-05-22T14:30:58.495141+00:00,AVGO,5,6,59.1,6.0,13.7,4.8,0.7,-0.1,-6.56,439.79,⏳
20260522,2026-05-22T14:30:58.495141+00:00,MAC,6,7,58.0,6.0,5.5,19.8,1.65,-0.75,-0.18,22.43,📊
20260522,2026-05-22T14:30:58.495141+00:00,STLD,7,8,57.5,6.0,19.7,20.6,0.73,1.64,-1.37,241.85,🔥
20260522,2026-05-22T14:30:58.495141+00:00,VLY,8,9,56.7,22.0,16.1,18.3,0.57,0.31,-2.51,13.77,🔥
20260522,2026-05-22T14:30:58.495141+00:00,TIGO,9,10,56.6,6.0,8.3,22.2,0.86,-1.25,1.16,84.88,📊
20260522,2026-05-22T14:30:58.495141+00:00,HSBC,10,11,55.6,21.0,17.4,11.1,0.66,0.46,0.0,92.1,🔥
20260522,2026-05-22T14:30:58.495141+00:00,CIEN,11,12,54.7,6.0,21.0,36.5,0.55,2.2,-1.64,591.57,📊
20260522,2026-05-22T14:30:58.495141+00:00,SSL,12,13,54.5,9.0,15.5,7.1,0.51,-1.0,-7.52,14.29,⏳
20260522,2026-05-22T14:30:58.495141+00:00,ARWR,13,14,54.1,6.0,20.0,23.8,0.6,1.12,-4.34,79.69,⏳
20260522,2026-05-22T14:30:58.495141+00:00,SLB,14,15,53.4,18.0,22.2,13.5,0.61,0.58,-0.58,57.28,🔥
20260522,2026-05-22T14:30:58.495141+00:00,UGP,15,16,53.4,7.0,8.0,8.7,1.09,-1.58,-6.14,6.11,⏳
20260522,2026-05-22T14:30:58.495141+00:00,JBL,16,17,52.4,6.0,18.1,12.7,1.07,0.94,-3.12,372.26,⏳
20260522,2026-05-22T14:30:58.495141+00:00,ROKU,17,18,51.4,6.0,20.2,25.4,0.76,1.63,-2.85,129.53,📊
20260522,2026-05-22T14:30:58.495141+00:00,NTRS,18,19,50.7,22.0,21.5,2.4,0.88,0.49,-2.24,171.74,🔥
20260522,2026-05-22T14:30:58.495141+00:00,LBRT,19,20,50.1,13.0,22.5,1.6,0.73,0.61,-5.45,33.93,⏳
20260522,2026-05-22T14:30:58.495141+00:00,TS,20,21,49.9,8.0,10.5,19.0,0.89,-0.75,-2.05,62.66,🔥
20260522,2026-05-22T14:30:58.495141+00:00,CSX,21,22,49.2,24.0,24.8,4.0,0.86,1.0,-0.85,46.2,🔥
20260522,2026-05-22T14:30:58.495141+00:00,UNH,22,23,49.1,6.0,22.0,54.8,0.74,2.95,-3.29,401.16,📊
20260522,2026-05-22T14:30:58.495141+00:00,STT,23,24,48.8,23.0,22.5,4.0,0.83,0.63,0.27,154.02,📊
20260522,2026-05-22T14:30:58.495141+00:00,SU,24,25,48.4,9.0,12.3,42.9,0.59,-1.22,-2.87,69.73,📊
20260522,2026-05-22T14:30:58.495141+00:00,AA,25,26,48.1,19.0,23.5,15.9,0.58,0.22,-3.86,73.19,⏳
20260522,2026-05-22T14:30:58.495141+00:00,MAR,26,27,47.7,21.0,18.2,19.8,0.81,0.45,-2.62,378.72,🔥
20260522,2026-05-22T14:30:58.495141+00:00,TSM,27,28,47.0,19.0,24.6,0.8,0.96,0.82,-3.28,419.5,⏳
20260522,2026-05-22T14:30:58.495141+00:00,TGT,28,29,46.5,14.0,14.7,20.6,0.96,0.07,-2.94,130.86,📊
20260522,2026-05-22T14:30:58.495141+00:00,MRK,29,30,45.9,19.0,13.9,32.5,0.75,-0.2,-1.15,123.18,📊
20260522,2026-05-22T14:30:58.495141+00:00,SKM,30,31,45.7,6.0,8.9,42.9,1.08,-0.7,-3.44,39.63,📊
20260522,2026-05-22T14:30:58.495141+00:00,GOOGL,31,32,45.4,6.0,20.2,60.3,0.88,2.71,-3.89,402.62,📊
20260522,2026-05-22T14:30:58.495141+00:00,WFRD,32,33,45.4,17.0,23.8,10.3,0.77,0.35,-3.15,111.42,⏳
20260522,2026-05-22T14:30:58.495141+00:00,FRO,33,34,45.3,13.0,23.6,3.2,0.58,0.05,-7.24,39.51,⏳
20260522,2026-05-22T14:30:58.495141+00:00,CHRD,34,35,45.2,10.0,17.5,19.0,0.7,-0.67,-3.15,148.35,⏳
20260522,2026-05-22T14:30:58.495141+00:00,YOU,35,37,44.7,6.0,22.0,33.3,0.79,1.73,-3.74,62.01,📊
20260522,2026-05-22T14:30:58.495141+00:00,SYRE,36,38,44.7,6.0,17.2,19.8,1.13,0.12,-3.17,76.43,⏳
20260522,2026-05-22T14:30:58.495141+00:00,NOV,37,39,44.3,17.0,14.3,27.0,0.94,0.08,-2.27,21.17,📊
20260522,2026-05-22T14:30:58.495141+00:00,C,38,40,44.2,23.0,20.7,12.7,0.74,0.27,-5.51,132.42,⏳
20260522,2026-05-22T14:30:58.495141+00:00,AMAT,39,41,43.6,6.0,14.1,47.6,1.06,0.63,-1.77,443.07,📊
20260522,2026-05-22T14:30:58.495141+00:00,GGB,40,42,43.6,6.0,14.6,38.1,0.82,1.03,-4.75,4.89,📊
20260522,2026-05-22T14:30:58.495141+00:00,CENX,41,43,43.4,7.0,19.2,9.5,0.61,-2.85,-6.94,67.94,⏳
20260522,2026-05-22T14:30:58.495141+00:00,WMB,42,44,43.3,14.0,11.3,73.0,0.93,-0.51,-1.74,79.4,📊
20260522,2026-05-22T14:30:58.495141+00:00,BEN,43,45,43.1,6.0,20.6,65.1,0.93,2.65,-4.14,32.35,📊
20260522,2026-05-22T14:30:58.495141+00:00,HAL,44,46,43.0,17.0,24.0,31.0,0.65,1.13,-3.37,42.98,📊
20260522,2026-05-22T14:30:58.495141+00:00,NE,45,47,42.8,10.0,15.0,27.0,0.81,-0.63,-4.52,54.37,⏳
20260522,2026-05-22T14:30:58.495141+00:00,GEV,46,48,42.7,6.0,14.9,11.9,0.92,-0.82,-9.37,1149.53,⏳
20260522,2026-05-22T14:30:58.495141+00:00,PFG,47,49,42.7,37.0,24.8,11.9,0.64,0.47,1.87,102.4,📊
20260522,2026-05-22T14:30:58.495141+00:00,MKSI,48,50,42.2,6.0,17.0,48.4,0.95,1.63,-0.48,319.71,📊
20260522,2026-05-22T14:30:58.495141+00:00,BHP,49,51,42.1,6.0,15.1,66.7,0.61,0.46,-7.95,90.81,📊
20260522,2026-05-22T14:30:58.495141+00:00,MGA,50,52,42.1,13.0,19.3,12.7,0.81,-0.48,0.0,64.16,🔥
20260522,2026-05-22T14:30:58.495141+00:00,PL,51,53,41.6,7.0,24.0,38.1,0.64,1.54,0.0,44.67,📊
20260522,2026-05-22T14:30:58.495141+00:00,VALE,52,54,41.5,19.0,22.0,5.6,0.7,0.11,-8.45,17.82,⏳
20260522,2026-05-22T14:30:58.495141+00:00,VLO,53,55,40.8,10.0,14.8,25.4,0.8,-1.22,-6.41,261.38,⏳
20260522,2026-05-22T14:30:58.495141+00:00,CGNX,54,56,40.7,6.0,20.4,75.4,1.25,2.74,-2.25,67.17,📊
20260522,2026-05-22T14:30:58.495141+00:00,AVT,55,57,40.1,6.0,19.0,34.9,1.26,1.78,-1.56,86.67,📊
20260526,2026-05-27T02:13:58.301140+00:00,GSAT,1,2,68.7,6.0,4.4,4.0,1.01,-0.68,0.0,83.59,📊
20260526,2026-05-27T02:13:58.301140+00:00,AVGO,2,3,63.2,6.0,13.4,5.6,0.73,-0.26,-4.04,439.79,⏳
20260526,2026-05-27T02:13:58.301140+00:00,SSL,3,4,61.2,10.0,17.1,5.6,0.52,-0.72,-5.88,14.29,⏳
20260526,2026-05-27T02:13:58.301140+00:00,NUE,4,5,57.2,6.0,21.1,5.6,0.91,2.01,0.0,240.29,🔥
20260526,2026-05-27T02:13:58.301140+00:00,MAC,5,6,57.1,6.0,5.7,20.6,1.62,-0.7,0.0,22.49,📊
20260526,2026-05-27T02:13:58.301140+00:00,FRO,6,7,56.3,9.0,15.5,0.8,0.64,-0.53,-7.44,39.51,⏳
20260526,2026-05-27T02:13:58.301140+00:00,ARWR,7,8,56.2,6.0,16.3,28.6,0.63,0.8,-1.27,79.69,📊
20260526,2026-05-27T02:13:58.301140+00:00,ROKU,8,9,55.5,6.0,17.7,19.0,0.78,1.34,-1.48,129.53,🔥
20260526,2026-05-27T02:13:58.301140+00:00,VLY,9,10,51.9,22.0,16.1,23.8,0.61,0.3,-0.47,13.77,🔥
20260526,2026-05-27T02:13:58.301140+00:00,GGB,10,11,51.6,6.0,13.6,23.8,0.86,1.01,-4.34,4.89,⏳
20260526,2026-05-27T02:13:58.301140+00:00,BEN,11,12,50.6,6.0,18.3,34.9,0.91,2.43,-2.1,32.35,📊
20260526,2026-05-27T02:13:58.301140+00:00,WULF,12,13,50.6,6.0,25.0,12.7,0.84,1.73,-2.18,25.74,🔥
20260526,2026-05-27T02:13:58.301140+00:00,WFRD,13,14,50.4,17.0,23.8,8.7,0.81,0.3,-2.32,111.42,🔥
20260526,2026-05-27T02:13:58.301140+00:00,TIGO,14,15,50.1,7.0,10.3,23.0,0.94,-1.23,-4.38,86.81,⏳
20260526,2026-05-27T02:13:58.301140+00:00,PFG,15,16,49.9,23.0,17.3,15.9,0.65,0.32,1.85,102.81,📊
20260526,2026-05-27T02:13:58.301140+00:00,HSBC,16,17,49.5,20.0,17.3,14.3,0.68,0.41,1.9,91.99,📊
20260526,2026-05-27T02:13:58.301140+00:00,NTRS,17,18,48.2,22.0,21.5,5.6,0.9,0.49,-1.05,171.74,🔥
20260526,2026-05-27T02:13:58.301140+00:00,LBRT,18,19,48.1,14.0,23.9,2.4,0.73,0.75,-5.84,33.93,⏳
20260526,2026-05-27T02:13:58.301140+00:00,SLB,19,20,48.0,18.0,22.2,18.3,0.63,0.66,1.22,57.28,📊
20260526,2026-05-27T02:13:58.301140+00:00,GOOGL,20,21,47.7,6.0,17.5,49.2,0.91,2.36,-3.41,402.62,📊
20260526,2026-05-27T02:13:58.301140+00:00,C,21,22,47.4,23.0,20.7,10.3,0.76,0.25,-4.2,132.42,⏳
20260526,2026-05-27T02:13:58.301140+00:00,GEV,22,24,46.8,6.0,14.9,4.8,0.9,-0.95,-6.88,1149.53,⏳
20260526,2026-05-27T02:13:58.301140+00:00,VALE,23,25,46.7,19.0,22.0,5.6,0.75,0.05,-7.41,17.82,⏳
20260526,2026-05-27T02:13:58.301140+00:00,CX,24,26,46.2,6.0,13.9,47.6,0.77,0.47,-3.32,13.55,📊
20260526,2026-05-27T02:13:58.301140+00:00,TSM,25,27,45.9,19.0,24.6,4.0,0.96,0.8,-1.71,419.5,📊
20260526,2026-05-27T02:13:58.301140+00:00,CIEN,26,28,45.6,6.0,21.0,43.7,0.56,1.95,1.83,591.57,📊
20260526,2026-05-27T02:13:58.301140+00:00,AROC,27,29,45.0,12.0,14.3,18.3,1.06,-0.56,-5.43,39.59,⏳
20260526,2026-05-27T02:13:58.301140+00:00,TGT,28,30,44.9,15.0,15.1,19.0,0.99,0.16,-4.15,130.86,⏳
20260526,2026-05-27T02:13:58.301140+00:00,MAR,29,31,44.6,21.0,18.2,25.4,0.81,0.44,-1.1,377.97,📊
20260526,2026-05-27T02:13:58.301140+00:00,TS,30,32,44.6,9.0,10.7,22.2,0.93,-0.67,0.0,62.69,🔥
20260526,2026-05-27T02:13:58.301140+00:00,HAL,31,33,44.0,17.0,24.0,24.6,0.66,1.08,-4.42,42.98,⏳
20260526,2026-05-27T02:13:58.301140+00:00,CSX,32,34,43.9,24.0,24.8,7.1,0.89,0.98,0.89,46.2,📊
20260526,2026-05-27T02:13:58.301140+00:00,BHP,33,35,43.6,6.0,15.1,65.9,0.65,0.57,-4.76,90.81,📊
20260526,2026-05-27T02:13:58.301140+00:00,CAT,34,36,43.5,6.0,17.1,36.5,0.93,1.34,-1.98,926.93,📊
20260526,2026-05-27T02:13:58.301140+00:00,TECK,35,37,43.2,6.0,15.9,70.6,0.75,0.5,-2.44,66.84,📊
20260526,2026-05-27T02:13:58.301140+00:00,ADI,36,38,43.1,6.0,19.5,26.2,1.08,1.32,-2.88,432.39,📊
20260526,2026-05-27T02:13:58.301140+00:00,KEYS,37,39,42.5,6.0,11.3,29.4,1.1,-0.17,-2.98,366.68,📊
20260526,2026-05-27T02:13:58.301140+00:00,BKR,38,40,42.1,17.0,22.9,18.3,0.79,0.44,-3.9,69.44,⏳
20260526,2026-05-27T02:13:58.301140+00:00,SKM,39,41,41.6,6.0,8.4,42.9,1.14,-0.75,-2.5,39.63,📊
20260526,2026-05-27T02:13:58.301140+00:00,SU,40,42,41.4,10.0,13.1,41.3,0.61,-1.02,-5.98,69.73,📊
20260526,2026-05-27T02:13:58.301140+00:00,STT,41,43,41.2,23.0,22.5,5.6,0.87,0.63,2.89,154.07,📊
20260526,2026-05-27T02:13:58.301140+00:00,NOV,42,44,40.9,17.0,14.3,32.5,0.91,0.07,-0.24,21.17,📊
20260526,2026-05-27T02:13:58.301140+00:00,CFG,43,45,40.5,23.0,18.5,22.2,0.71,0.03,-5.89,67.63,⏳
20260526,2026-05-27T02:13:58.301140+00:00,IRM,44,46,40.0,6.0,14.7,41.3,0.97,0.83,-2.77,132.06,📊
20260526,2026-05-27T02:13:58.301140+00:00,SYRE,45,47,40.0,6.0,16.3,19.0,1.14,-0.17,-3.64,76.43,⏳
20260530,2026-05-30T04:13:14.270520+00:00,AMZN,1,2,72.6,6.0,9.7,0.0,0.74,-0.19,-1.58,274.99,🔥
20260530,2026-05-30T04:13:14.270520+00:00,ARWR,2,3,68.2,6.0,13.1,6.3,0.65,0.48,-2.23,79.69,🔥
20260530,2026-05-30T04:13:14.270520+00:00,AVGO,3,4,67.6,6.0,10.6,5.6,0.77,-0.48,0.0,446.77,🚀
20260530,2026-05-30T04:13:14.270520+00:00,ROKU,4,5,65.2,6.0,14.9,5.6,0.73,0.98,-1.31,131.91,🔥
20260530,2026-05-30T04:13:14.270520+00:00,CIEN,5,6,64.8,7.0,22.4,4.8,0.56,1.83,-3.68,602.39,⏳
20260530,2026-05-30T04:13:14.270520+00:00,IRM,6,8,62.1,6.0,14.7,0.0,0.83,0.48,-2.89,132.06,🔥
20260530,2026-05-30T04:13:14.270520+00:00,BEN,7,9,61.4,6.0,17.1,9.5,0.79,1.72,-4.11,32.35,⏳
20260530,2026-05-30T04:13:14.270520+00:00,CAT,8,10,55.9,6.0,14.4,9.5,0.96,0.66,-5.51,926.93,⏳
20260530,2026-05-30T04:13:14.270520+00:00,GOOGL,9,11,55.5,6.0,17.5,11.1,0.83,1.63,-5.53,402.62,⏳
20260530,2026-05-30T04:13:14.270520+00:00,TSM,10,12,54.0,7.0,14.5,15.1,0.94,0.45,-1.51,424.86,🔥
20260530,2026-05-30T04:13:14.270520+00:00,UBS,11,13,53.1,7.0,15.3,26.2,0.76,0.99,-1.47,47.78,📊
20260530,2026-05-30T04:13:14.270520+00:00,NVT,12,15,51.6,6.0,22.7,18.3,0.93,3.11,-4.01,173.96,⏳
20260530,2026-05-30T04:13:14.270520+00:00,IBKR,13,16,49.7,6.0,14.0,18.3,1.06,0.28,-1.48,88.28,📊
20260530,2026-05-30T04:13:14.270520+00:00,SYRE,14,17,49.0,6.0,12.8,14.3,1.0,-0.7,-3.83,76.43,⏳
20260530,2026-05-30T04:13:14.270520+00:00,GGB,15,18,48.8,7.0,14.6,5.6,0.86,0.58,-8.02,4.89,⏳
20260530,2026-05-30T04:13:14.270520+00:00,C,16,19,48.5,24.0,20.7,4.0,0.78,0.24,-4.93,132.42,⏳
20260530,2026-05-30T04:13:14.270520+00:00,TS,17,20,48.5,9.0,10.5,18.3,0.99,-0.82,-2.81,62.69,📊
20260530,2026-05-30T04:13:14.270520+00:00,CSX,18,21,47.3,16.0,19.0,15.9,0.98,0.25,-3.69,47.0,⏳
20260530,2026-05-30T04:13:14.270520+00:00,ADI,19,22,46.8,6.0,14.1,14.3,1.15,0.34,-4.29,432.39,⏳
20260530,2026-05-30T04:13:14.270520+00:00,NTRS,20,23,46.8,23.0,21.5,7.1,0.89,0.48,-3.66,171.74,⏳
20260530,2026-05-30T04:13:14.270520+00:00,DINO,21,24,46.2,10.0,24.3,4.8,0.87,0.45,-5.54,73.99,⏳
20260530,2026-05-30T04:13:14.270520+00:00,BHP,22,25,45.6,7.0,15.4,44.4,0.68,0.58,-2.09,90.81,📊
20260530,2026-05-30T04:13:14.270520+00:00,VLY,23,26,44.9,23.0,16.1,31.7,0.69,0.29,0.0,13.77,📊
20260530,2026-05-30T04:13:14.270520+00:00,CX,24,27,44.7,7.0,13.9,38.1,0.76,0.3,-3.39,13.55,📊
20260530,2026-05-30T04:13:14.270520+00:00,MKSI,25,28,44.6,7.0,20.6,25.4,1.03,1.8,-2.95,334.11,📊
20260530,2026-05-30T04:13:14.270520+00:00,PSX,26,29,44.3,16.0,19.3,10.3,0.76,0.06,-5.91,186.92,⏳
20260530,2026-05-30T04:13:14.270520+00:00,TIGO,27,30,44.3,8.0,10.5,28.6,1.5,-1.07,-1.67,86.81,📊
20260530,2026-05-30T04:13:14.270520+00:00,VLO,28,31,43.9,11.0,14.8,17.5,0.85,-1.17,-6.33,261.38,⏳
20260530,2026-05-30T04:13:14.270520+00:00,HSBC,29,32,42.9,22.0,20.4,28.6,0.71,0.45,-0.99,94.68,📊
20260530,2026-05-30T04:13:14.270520+00:00,TGT,30,33,42.5,15.0,14.7,23.0,1.06,0.03,-2.9,130.86,📊
20260530,2026-05-30T04:13:14.270520+00:00,TECK,31,34,42.2,7.0,15.9,50.8,0.8,0.63,-1.02,66.84,📊
20260530,2026-05-30T04:13:14.270520+00:00,AVT,32,35,42.0,6.0,17.1,40.5,1.18,1.48,-2.46,89.12,📊
20260530,2026-05-30T04:13:14.270520+00:00,ESI,33,36,41.2,7.0,17.2,18.3,0.94,0.51,-5.84,45.06,⏳
20260530,2026-05-30T04:13:14.270520+00:00,SIRI,34,37,41.0,6.0,15.5,90.5,0.81,0.47,-1.17,29.87,📊
20260530,2026-05-30T04:13:14.270520+00:00,TEVA,35,38,40.7,24.0,22.0,14.3,0.89,0.05,-2.81,36.34,🔥
20260602,2026-06-03T02:00:56.648560+00:00,ROKU,1,2,69.3,6.0,14.9,4.8,0.59,0.9,-3.63,131.91,⏳
20260602,2026-06-03T02:00:56.648560+00:00,BEN,2,3,69.3,7.0,18.3,3.2,0.74,1.62,-3.8,32.35,⏳
20260602,2026-06-03T02:00:56.648560+00:00,IRM,3,5,60.8,7.0,14.7,2.4,0.81,0.46,-2.73,132.06,🔥
20260602,2026-06-03T02:00:56.648560+00:00,GGB,4,6,59.9,7.0,13.6,0.0,0.94,0.52,-0.05,4.89,🚀
20260602,2026-06-03T02:00:56.648560+00:00,CX,5,7,59.1,7.0,13.9,4.8,0.8,0.35,-3.62,13.55,⏳
20260602,2026-06-03T02:00:56.648560+00:00,NVT,6,8,58.0,6.0,21.4,15.9,0.81,2.47,-0.33,173.96,🔥
20260602,2026-06-03T02:00:56.648560+00:00,UBS,7,9,56.2,7.0,14.8,19.0,0.76,1.07,0.0,48.16,🔥
20260602,2026-06-03T02:00:56.648560+00:00,CAT,8,10,55.7,6.0,13.6,8.7,1.0,0.11,-1.85,926.93,📊
20260602,2026-06-03T02:00:56.648560+00:00,CIEN,9,11,52.4,7.0,22.4,7.9,0.62,1.8,4.09,602.39,📊
20260602,2026-06-03T02:00:56.648560+00:00,MKSI,10,12,52.1,7.0,20.6,13.5,1.0,1.94,-0.82,334.11,📊
20260602,2026-06-03T02:00:56.648560+00:00,DINO,11,13,48.8,11.0,24.3,4.8,0.79,0.59,-1.03,73.99,🔥
20260602,2026-06-03T02:00:56.648560+00:00,ADI,12,14,48.0,6.0,13.2,11.9,1.26,-0.07,-1.86,431.21,📊
20260602,2026-06-03T02:00:56.648560+00:00,PSX,13,15,47.1,16.0,19.3,15.9,0.74,-0.02,-2.33,186.92,🔥
20260602,2026-06-03T02:00:56.648560+00:00,NOV,14,16,46.9,18.0,14.3,25.4,0.82,-0.04,-2.96,21.07,📊
20260602,2026-06-03T02:00:56.648560+00:00,SAN,15,17,46.6,25.0,20.3,15.1,0.62,-0.15,-4.9,13.05,⏳
20260602,2026-06-03T02:00:56.648560+00:00,VALE,16,18,46.5,20.0,22.0,0.8,0.79,-0.06,-5.61,17.82,⏳
20260602,2026-06-03T02:00:56.648560+00:00,C,17,19,45.6,24.0,20.7,15.9,0.77,0.21,-0.88,132.42,🔥
20260602,2026-06-03T02:00:56.648560+00:00,VLO,18,20,45.1,11.0,14.8,27.0,0.85,-1.21,-1.19,261.38,📊
20260602,2026-06-03T02:00:56.648560+00:00,FANG,19,21,45.1,13.0,17.8,20.6,0.69,-0.37,-4.76,212.52,⏳
20260602,2026-06-03T02:00:56.648560+00:00,NUE,20,22,44.6,6.0,19.5,76.2,0.9,1.36,0.0,258.46,📊
20260602,2026-06-03T02:00:56.648560+00:00,SLB,21,23,43.8,20.0,23.8,23.0,0.73,0.61,-2.45,57.98,🔥
20260602,2026-06-03T02:00:56.648560+00:00,SSL,22,24,43.8,10.0,15.5,24.6,0.51,-1.26,-8.26,14.29,⏳
20260602,2026-06-03T02:00:56.648560+00:00,ARWR,23,25,43.6,6.0,12.0,16.7,0.68,-0.33,-11.13,79.69,📊
20260602,2026-06-03T02:00:56.648560+00:00,NTRS,24,26,42.7,23.0,21.5,15.9,0.91,0.47,-1.14,171.74,🔥
20260602,2026-06-03T02:00:56.648560+00:00,VLY,25,27,42.7,23.0,16.1,34.9,0.71,0.25,-0.07,13.77,📊
20260602,2026-06-03T02:00:56.648560+00:00,IVZ,26,28,42.6,34.0,24.3,2.4,0.84,0.13,-4.82,28.98,⏳
20260602,2026-06-03T02:00:56.648560+00:00,IBKR,27,29,42.3,7.0,14.5,25.4,1.16,0.36,0.0,88.72,📊
20260602,2026-06-03T02:00:56.648560+00:00,RIO,28,30,41.8,8.0,15.5,29.4,0.85,0.04,-0.33,112.04,📊
20260602,2026-06-03T02:00:56.648560+00:00,SIRI,29,31,41.5,6.0,13.5,90.5,0.87,0.56,-3.68,29.87,📊
20260602,2026-06-03T02:00:56.648560+00:00,ESI,30,32,41.3,7.0,17.2,19.0,0.93,0.32,-5.17,44.98,⏳
20260602,2026-06-03T02:00:56.648560+00:00,CSX,31,33,41.2,17.0,20.2,15.1,1.02,0.34,-1.82,47.0,📊
20260602,2026-06-03T02:00:56.648560+00:00,BKR,32,34,40.8,18.0,22.9,2.4,0.84,0.26,-7.05,69.44,⏳
20260602,2026-06-03T02:00:56.648560+00:00,SMFG,33,35,40.4,25.0,22.1,11.1,0.89,0.14,-4.49,23.81,⏳
20260602,2026-06-03T02:00:56.648560+00:00,STLD,34,36,40.4,6.0,18.9,73.8,0.89,1.26,0.0,271.41,📊
20260602,2026-06-03T02:00:56.648560+00:00,YOU,35,37,40.1,6.0,14.5,17.5,0.9,-0.06,-8.95,62.36,⏳
20260602,2026-06-03T02:00:56.648560+00:00,SYRE,36,38,40.0,6.0,12.8,11.9,0.95,-0.89,-9.51,76.43,⏳
20260604,2026-06-04T16:06:09.236747+00:00,IRM,1,3,68.1,7.0,14.7,0.0,0.74,0.27,-3.38,132.06,⏳
20260604,2026-06-04T16:06:09.236747+00:00,ROKU,2,4,65.0,7.0,15.2,7.9,0.57,0.69,-3.73,131.91,⏳
20260604,2026-06-04T16:06:09.236747+00:00,BEN,3,5,64.0,7.0,17.9,5.6,0.69,1.27,-1.62,32.35,🔥
20260604,2026-06-04T16:06:09.236747+00:00,CSX,4,6,61.9,6.0,5.8,19.0,1.01,-0.66,-2.16,47.0,📊
20260604,2026-06-04T16:06:09.236747+00:00,CX,5,7,61.1,8.0,13.9,0.8,0.69,0.13,-4.58,13.55,⏳
20260604,2026-06-04T16:06:09.236747+00:00,GGB,6,8,59.0,8.0,15.2,0.0,0.89,0.47,-2.96,4.89,🔥
20260604,2026-06-04T16:06:09.236747+00:00,UBS,7,9,57.9,8.0,16.2,14.3,0.74,0.96,-0.96,48.16,🔥
20260604,2026-06-04T16:06:09.236747+00:00,ELV,8,10,57.7,6.0,15.7,5.6,0.9,0.93,0.0,409.0,🔥
20260604,2026-06-04T16:06:09.236747+00:00,MKSI,9,11,56.0,8.0,21.5,9.5,0.88,1.81,-2.08,335.15,🔥
20260604,2026-06-04T16:06:09.236747+00:00,SSL,10,12,54.3,11.0,15.8,4.8,0.47,-1.11,-8.08,14.29,⏳
20260604,2026-06-04T16:06:09.236747+00:00,CGNX,11,13,53.2,8.0,21.9,11.9,1.11,2.17,-4.44,68.33,⏳
20260604,2026-06-04T16:06:09.236747+00:00,NVT,12,14,52.8,6.0,22.1,24.6,0.76,2.65,0.58,173.96,📊
20260604,2026-06-04T16:06:09.236747+00:00,DINO,13,15,50.7,11.0,24.3,5.6,0.7,0.55,-1.18,73.99,🔥
20260604,2026-06-04T16:06:09.236747+00:00,STT,14,16,50.2,6.0,7.3,56.3,0.82,-0.3,1.98,159.79,📊
20260604,2026-06-04T16:06:09.236747+00:00,OVV,15,17,49.4,12.0,16.3,0.8,0.81,-1.23,-5.88,63.08,⏳
20260604,2026-06-04T16:06:09.236747+00:00,MAC,16,18,49.1,8.0,7.7,28.6,1.47,-0.59,0.0,22.85,📊
20260604,2026-06-04T16:06:09.236747+00:00,CAT,17,19,48.8,8.0,17.7,11.9,0.96,0.79,0.0,934.58,📊
20260604,2026-06-04T16:06:09.236747+00:00,ING,18,20,48.5,29.0,24.5,14.3,0.72,0.21,-2.17,31.32,🔥
20260604,2026-06-04T16:06:09.236747+00:00,TXN,19,21,46.7,6.0,18.8,19.0,1.09,1.47,-5.59,324.89,⏳
20260604,2026-06-04T16:06:09.236747+00:00,SAN,20,22,46.7,26.0,20.3,15.9,0.63,-0.11,-4.48,13.05,⏳
20260604,2026-06-04T16:06:09.236747+00:00,ADI,21,23,46.3,6.0,12.7,19.8,1.28,-0.1,-2.67,437.67,📊
20260604,2026-06-04T16:06:09.236747+00:00,IVZ,22,24,45.2,34.0,24.3,2.4,0.83,0.11,-3.41,28.98,⏳
20260604,2026-06-04T16:06:09.236747+00:00,BKR,23,25,44.5,18.0,22.1,0.0,0.82,0.13,-6.13,69.44,⏳
20260604,2026-06-04T16:06:09.236747+00:00,ARWR,24,26,44.1,6.0,12.0,22.2,0.8,-0.66,-6.16,79.69,⏳
20260604,2026-06-04T16:06:09.236747+00:00,RIO,25,27,43.9,8.0,13.9,21.4,0.82,0.1,-6.02,112.04,⏳
20260604,2026-06-04T16:06:09.236747+00:00,BHP,26,28,43.6,8.0,17.5,31.0,0.74,0.77,-4.92,93.15,📊
20260604,2026-06-04T16:06:09.236747+00:00,CNQ,27,29,43.5,13.0,14.2,36.5,0.57,-1.45,-4.87,50.09,📊
20260604,2026-06-04T16:06:09.236747+00:00,PSX,28,30,43.4,16.0,19.3,23.0,0.72,-0.08,-1.07,186.92,🔥
20260604,2026-06-04T16:06:09.236747+00:00,MS,29,31,43.3,6.0,11.8,83.3,0.82,0.8,3.17,211.01,📊
20260604,2026-06-04T16:06:09.236747+00:00,VLO,30,32,42.4,12.0,14.9,33.3,0.79,-0.96,-0.27,261.45,📊
20260604,2026-06-04T16:06:09.236747+00:00,IBKR,31,33,42.4,7.0,14.5,25.4,1.17,0.38,-4.0,88.72,⏳
20260604,2026-06-04T16:06:09.236747+00:00,VLY,32,34,42.4,24.0,16.1,35.7,0.71,0.26,-0.11,13.77,📊
20260604,2026-06-04T16:06:09.236747+00:00,HSBC,33,35,42.3,22.0,20.1,31.0,0.7,0.36,-3.07,95.21,📊
20260604,2026-06-04T16:06:09.236747+00:00,AMKR,34,36,42.1,6.0,16.1,7.1,1.02,-1.78,-6.04,78.01,⏳
20260604,2026-06-04T16:06:09.236747+00:00,SLB,35,37,41.9,20.0,23.1,24.6,0.72,0.54,-0.28,57.68,🔥
20260604,2026-06-04T16:06:09.236747+00:00,JBL,36,38,41.5,6.0,13.0,37.3,0.99,0.58,-2.04,380.25,📊
20260604,2026-06-04T16:06:09.236747+00:00,NUE,37,39,41.3,6.0,19.1,81.0,0.89,1.65,0.0,263.29,📊
20260604,2026-06-04T16:06:09.236747+00:00,FANG,38,40,40.4,13.0,17.8,35.7,0.62,-0.47,-3.82,212.52,📊
20260605,2026-06-05T12:12:40.746708+00:00,IRM,1,3,63.3,7.0,14.7,0.0,0.77,0.31,-1.37,132.06,🔥
20260605,2026-06-05T12:12:40.746708+00:00,BEN,2,4,62.7,7.0,17.9,5.6,0.73,1.28,-1.17,32.35,🔥
20260605,2026-06-05T12:12:40.746708+00:00,UBS,3,5,62.1,8.0,16.3,15.1,0.76,0.94,-1.74,48.16,🔥
20260605,2026-06-05T12:12:40.746708+00:00,CX,4,6,60.9,8.0,13.9,0.8,0.7,0.13,-4.5,13.55,⏳
20260605,2026-06-05T12:12:40.746708+00:00,CSX,5,7,60.4,6.0,5.8,19.8,1.05,-0.65,-1.63,47.0,📊
20260605,2026-06-05T12:12:40.746708+00:00,GGB,6,8,57.7,8.0,15.2,0.0,0.9,0.46,-3.73,4.89,⏳
20260605,2026-06-05T12:12:40.746708+00:00,ELV,7,9,57.0,6.0,15.8,5.6,0.92,0.93,0.0,409.44,🔥
20260605,2026-06-05T12:12:40.746708+00:00,SYRE,8,10,56.9,7.0,12.8,11.1,0.93,-0.81,-3.81,76.43,⏳
20260605,2026-06-05T12:12:40.746708+00:00,SSL,9,11,55.7,11.0,15.8,5.6,0.49,-1.1,-7.0,14.29,⏳
20260605,2026-06-05T12:12:40.746708+00:00,MKSI,10,12,55.4,8.0,21.5,9.5,0.9,1.82,-1.47,335.15,🔥
20260605,2026-06-05T12:12:40.746708+00:00,ROKU,11,13,54.7,7.0,17.1,8.7,0.59,0.88,-7.36,131.91,⏳
20260605,2026-06-05T12:12:40.746708+00:00,NVT,12,14,53.3,6.0,22.1,22.2,0.77,2.28,0.0,176.39,🔥
20260605,2026-06-05T12:12:40.746708+00:00,DINO,13,15,50.0,11.0,24.3,5.6,0.73,0.54,-1.56,73.99,🔥
20260605,2026-06-05T12:12:40.746708+00:00,STT,14,16,49.6,6.0,7.3,56.3,0.85,-0.31,1.85,159.79,📊
20260605,2026-06-05T12:12:40.746708+00:00,OVV,15,17,48.6,12.0,16.3,0.8,0.83,-1.23,-6.01,63.08,⏳
20260605,2026-06-05T12:12:40.746708+00:00,ING,16,18,47.7,29.0,24.5,14.3,0.75,0.21,-2.14,31.32,🔥
20260605,2026-06-05T12:12:40.746708+00:00,BKR,17,19,47.0,18.0,22.1,0.0,0.84,0.14,-4.79,69.44,⏳
20260605,2026-06-05T12:12:40.746708+00:00,SAN,18,20,46.5,26.0,20.3,15.9,0.64,-0.11,-4.44,13.05,⏳
20260605,2026-06-05T12:12:40.746708+00:00,CAT,19,21,46.2,8.0,18.3,13.5,1.0,0.8,0.0,940.48,📊
20260605,2026-06-05T12:12:40.746708+00:00,ADI,20,22,46.2,6.0,12.7,20.6,1.3,-0.09,-2.04,437.67,📊
20260605,2026-06-05T12:12:40.746708+00:00,CGNX,21,23,46.1,8.0,21.9,11.9,1.14,2.15,-5.36,68.33,⏳
20260605,2026-06-05T12:12:40.746708+00:00,PSX,22,24,45.4,16.0,19.3,19.0,0.73,-0.05,-1.2,186.92,🔥
20260605,2026-06-05T12:12:40.746708+00:00,TXN,23,25,45.3,6.0,18.8,19.0,1.12,1.45,-6.01,324.89,⏳
20260605,2026-06-05T12:12:40.746708+00:00,IVZ,24,26,44.7,34.0,24.3,4.0,0.84,0.11,-2.79,28.98,🔥
20260605,2026-06-05T12:12:40.746708+00:00,ARWR,25,27,44.6,6.0,12.0,22.2,0.82,-0.65,-5.68,79.69,⏳
20260605,2026-06-05T12:12:40.746708+00:00,VLO,26,28,44.2,12.0,14.9,31.0,0.81,-0.97,-0.99,261.45,📊
20260605,2026-06-05T12:12:40.746708+00:00,BHP,27,29,43.6,8.0,17.5,31.0,0.76,0.77,-4.69,93.15,📊
20260605,2026-06-05T12:12:40.746708+00:00,RIO,28,30,43.5,8.0,13.9,21.4,0.84,0.1,-5.93,112.04,⏳
20260605,2026-06-05T12:12:40.746708+00:00,IBKR,29,31,43.3,7.0,14.5,27.8,1.21,0.43,-1.87,88.72,📊
20260605,2026-06-05T12:12:40.746708+00:00,CNQ,30,32,42.9,13.0,14.2,36.5,0.59,-1.46,-4.86,50.09,📊
20260605,2026-06-05T12:12:40.746708+00:00,STLD,31,33,42.4,6.0,19.3,88.1,0.89,1.95,0.0,276.85,📊
20260605,2026-06-05T12:12:40.746708+00:00,MS,32,34,42.2,6.0,11.8,83.3,0.84,0.8,3.44,211.01,📊
20260605,2026-06-05T12:12:40.746708+00:00,HSBC,33,35,42.0,22.0,20.1,31.0,0.72,0.36,-2.72,95.21,📊
20260605,2026-06-05T12:12:40.746708+00:00,FANG,34,36,41.9,13.0,17.8,33.3,0.66,-0.4,-0.91,212.52,📊
20260605,2026-06-05T12:12:40.746708+00:00,YOU,35,37,41.9,6.0,14.5,19.0,0.77,-0.01,-10.07,62.36,📊
20260605,2026-06-05T12:12:40.746708+00:00,AMKR,36,38,41.8,6.0,16.1,7.1,1.06,-1.76,-5.37,78.01,⏳
20260605,2026-06-05T12:12:40.746708+00:00,ESI,37,39,41.8,8.0,18.1,15.1,0.92,0.41,-5.7,44.98,⏳
20260605,2026-06-05T12:12:40.746708+00:00,TIGO,38,40,41.6,8.0,12.4,43.7,1.66,-0.84,-3.16,88.88,📊
20260605,2026-06-05T12:12:40.746708+00:00,VLY,39,41,41.4,24.0,16.2,36.5,0.72,0.26,0.0,13.79,📊
20260605,2026-06-05T12:12:40.746708+00:00,BTSG,40,42,41.3,6.0,23.5,72.2,0.93,4.07,-1.3,61.68,📊
20260605,2026-06-05T12:12:40.746708+00:00,SU,41,43,40.9,11.0,12.3,50.8,0.73,-1.33,-5.49,69.27,📊
20260605,2026-06-05T12:12:40.746708+00:00,NUE,42,44,40.8,6.0,18.8,81.0,0.92,1.63,0.0,262.28,📊
20260605,2026-06-05T12:12:40.746708+00:00,JBL,43,45,40.6,6.0,13.0,38.9,1.02,0.58,-1.69,380.25,📊
20260608,2026-06-09T00:02:36.303319+00:00,BEN,1,2,68.4,7.0,17.1,2.4,0.75,1.0,-2.97,32.35,🔥
20260608,2026-06-09T00:02:36.303319+00:00,UBS,2,4,64.8,8.0,14.8,11.9,0.8,0.97,-1.81,48.16,🔥
20260608,2026-06-09T00:02:36.303319+00:00,ELV,3,5,58.7,6.0,14.8,10.3,0.95,0.97,0.0,418.15,📊
20260608,2026-06-09T00:02:36.303319+00:00,ROKU,4,6,57.8,7.0,14.9,10.3,0.62,0.41,-6.32,131.91,⏳
20260608,2026-06-09T00:02:36.303319+00:00,NOV,5,7,57.3,18.0,14.3,4.8,0.74,-0.05,0.22,21.07,📊
20260608,2026-06-09T00:02:36.303319+00:00,CSX,6,8,57.2,6.0,6.0,23.8,1.05,-0.18,0.0,47.11,📊
20260608,2026-06-09T00:02:36.303319+00:00,SSL,7,9,56.7,11.0,15.5,7.9,0.49,-1.06,-5.88,14.29,⏳
20260608,2026-06-09T00:02:36.303319+00:00,TS,8,10,55.3,10.0,12.4,14.3,0.76,-0.55,-1.89,64.02,🔥
20260608,2026-06-09T00:02:36.303319+00:00,IRM,9,11,54.3,8.0,15.3,1.6,0.77,0.39,-6.48,132.06,⏳
20260608,2026-06-09T00:02:36.303319+00:00,STT,10,12,53.0,6.0,7.3,55.6,0.85,0.1,1.26,159.79,📊
20260608,2026-06-09T00:02:36.303319+00:00,SLB,11,13,52.4,20.0,23.6,2.4,0.74,0.46,-2.52,58.01,🔥
20260608,2026-06-09T00:02:36.303319+00:00,GGB,12,14,51.4,8.0,14.6,0.8,0.97,0.39,-6.59,4.89,⏳
20260608,2026-06-09T00:02:36.303319+00:00,CAT,13,15,51.1,7.0,15.1,15.9,1.02,0.52,-2.64,940.48,📊
20260608,2026-06-09T00:02:36.303319+00:00,DINO,14,16,50.9,11.0,24.3,6.3,0.71,0.64,-2.16,73.99,🔥
20260608,2026-06-09T00:02:36.303319+00:00,PSX,15,17,49.5,17.0,19.3,14.3,0.7,0.04,-1.87,186.92,🔥
20260608,2026-06-09T00:02:36.303319+00:00,VLO,16,18,49.2,12.0,14.9,22.2,0.77,-0.92,-1.17,261.45,🔥
20260608,2026-06-09T00:02:36.303319+00:00,FANG,17,19,49.2,12.0,15.6,9.5,0.67,-0.92,-6.74,212.52,⏳
20260608,2026-06-09T00:02:36.303319+00:00,MKSI,18,20,49.2,8.0,20.9,10.3,0.82,1.67,-6.88,335.15,⏳
20260608,2026-06-09T00:02:36.303319+00:00,STLD,19,21,46.6,6.0,19.3,88.9,0.9,2.52,-3.49,276.85,📊
20260608,2026-06-09T00:02:36.303319+00:00,YPF,20,22,45.2,6.0,23.4,94.4,0.96,4.13,-3.2,55.31,📊
20260608,2026-06-09T00:02:36.303319+00:00,VLY,21,23,44.5,24.0,16.2,40.5,0.73,0.24,-0.15,13.79,📊
20260608,2026-06-09T00:02:36.303319+00:00,HSBC,22,24,44.4,23.0,20.1,23.0,0.73,0.38,-3.87,95.21,⏳
20260608,2026-06-09T00:02:36.303319+00:00,MS,23,25,44.3,7.0,14.7,85.7,0.86,1.03,-2.76,218.27,📊
20260608,2026-06-09T00:02:36.303319+00:00,CFG,24,26,43.9,25.0,18.7,11.9,0.84,-0.06,-4.85,67.63,⏳
20260608,2026-06-09T00:02:36.303319+00:00,NUE,25,27,43.4,6.0,18.0,80.2,0.94,1.83,-3.39,262.28,📊
20260608,2026-06-09T00:02:36.303319+00:00,TSM,26,28,43.2,6.0,12.2,54.0,0.95,0.59,-4.45,446.69,📊
20260608,2026-06-09T00:02:36.303319+00:00,MNST,27,29,43.2,28.0,20.4,8.7,0.98,0.08,-1.21,89.55,📊
20260608,2026-06-09T00:02:36.303319+00:00,LNTH,28,30,43.2,8.0,21.2,27.8,1.13,2.16,-2.9,103.0,📊
20260608,2026-06-09T00:02:36.303319+00:00,IVZ,29,31,43.1,35.0,24.3,0.0,0.86,0.13,-4.93,28.98,⏳
20260608,2026-06-09T00:02:36.303319+00:00,EWBC,30,32,42.9,27.0,18.7,28.6,0.72,0.09,0.0,126.26,📊
20260608,2026-06-09T00:02:36.303319+00:00,ARWR,31,33,42.9,7.0,13.1,22.2,0.76,-0.46,-7.32,79.69,⏳
20260608,2026-06-09T00:02:36.303319+00:00,JBL,32,34,42.6,7.0,13.2,33.3,0.95,0.56,-4.29,380.25,📊
20260608,2026-06-09T00:02:36.303319+00:00,PFG,33,35,42.6,25.0,18.8,27.0,0.69,0.31,1.11,103.88,📊
20260608,2026-06-09T00:02:36.303319+00:00,BKR,34,36,42.5,19.0,22.9,1.6,0.81,0.22,-6.62,69.44,⏳
20260608,2026-06-09T00:02:36.303319+00:00,NVT,35,37,42.4,7.0,23.1,27.0,0.79,2.27,-7.13,176.39,⏳
20260608,2026-06-09T00:02:36.303319+00:00,SMFG,36,38,41.5,25.0,21.6,13.5,0.94,0.09,-2.39,23.81,🔥
20260608,2026-06-09T00:02:36.303319+00:00,HXL,37,39,41.0,21.0,20.3,19.0,0.7,-0.05,-7.56,96.48,⏳
20260608,2026-06-09T00:02:36.303319+00:00,SAN,38,40,40.6,26.0,20.3,15.9,0.66,-0.15,-6.81,13.05,⏳
20260608,2026-06-09T00:02:36.303319+00:00,NTRS,39,41,40.3,24.0,22.1,18.3,0.94,0.47,-1.83,172.26,🔥
20260608,2026-06-09T00:02:36.303319+00:00,EXEL,40,42,40.1,28.0,21.0,22.2,0.91,0.15,0.27,51.6,📊
20260609,2026-06-10T00:02:42.089700+00:00,BEN,1,2,71.7,6.0,9.0,4.0,0.75,-0.03,-1.7,32.35,🔥
20260609,2026-06-10T00:02:42.089700+00:00,IRM,2,4,59.6,8.0,14.7,0.8,0.8,0.34,-4.48,132.06,⏳
20260609,2026-06-10T00:02:42.089700+00:00,NOV,3,5,59.5,19.0,15.8,0.8,0.74,-0.03,-2.94,21.45,🔥
20260609,2026-06-10T00:02:42.089700+00:00,ELV,4,6,59.0,6.0,14.5,14.3,0.93,1.08,0.0,424.43,🔥
20260609,2026-06-10T00:02:42.089700+00:00,UBS,5,7,58.8,8.0,14.8,11.1,0.84,1.06,-0.62,48.16,🔥
20260609,2026-06-10T00:02:42.089700+00:00,TS,6,8,57.8,11.0,12.5,11.1,0.75,-0.54,-4.23,64.02,⏳
20260609,2026-06-10T00:02:42.089700+00:00,SSL,7,9,57.5,11.0,15.5,9.5,0.52,-1.04,-4.97,14.29,⏳
20260609,2026-06-10T00:02:42.089700+00:00,CSX,8,10,57.0,6.0,5.8,24.6,1.05,-0.24,0.6,47.0,📊
20260609,2026-06-10T00:02:42.089700+00:00,GGB,9,11,55.2,6.0,10.1,0.8,0.99,-0.55,-6.79,4.89,⏳
20260609,2026-06-10T00:02:42.089700+00:00,MKSI,10,12,55.1,8.0,20.9,11.1,0.82,1.76,-4.23,335.15,⏳
20260609,2026-06-10T00:02:42.089700+00:00,CAT,11,13,53.4,7.0,14.9,10.3,1.03,0.46,-2.74,940.48,📊
20260609,2026-06-10T00:02:42.089700+00:00,TGT,12,14,53.4,17.0,15.1,0.0,1.02,-0.03,-3.25,130.86,⏳
20260609,2026-06-10T00:02:42.089700+00:00,EIX,13,15,52.2,16.0,10.4,20.6,0.82,-1.03,-6.01,75.82,⏳
20260609,2026-06-10T00:02:42.089700+00:00,ROKU,14,16,51.8,7.0,14.9,11.9,0.67,0.36,-8.34,131.91,⏳
20260609,2026-06-10T00:02:42.089700+00:00,SLB,15,17,50.8,21.0,24.3,1.6,0.76,0.58,-3.72,58.01,⏳
20260609,2026-06-10T00:02:42.089700+00:00,VLO,16,18,49.2,12.0,14.9,21.4,0.77,-0.92,-2.93,261.45,🔥
20260609,2026-06-10T00:02:42.089700+00:00,STT,17,19,49.2,7.0,9.3,60.3,0.84,0.12,0.0,163.25,📊
20260609,2026-06-10T00:02:42.089700+00:00,PSX,18,20,47.8,17.0,19.3,13.5,0.69,0.02,-4.24,186.92,⏳
20260609,2026-06-10T00:02:42.089700+00:00,DINO,19,21,47.8,12.0,24.3,3.2,0.69,0.7,-5.9,73.99,⏳
20260609,2026-06-10T00:02:42.089700+00:00,NUE,20,22,46.4,6.0,15.5,81.0,0.93,1.8,-3.03,262.28,📊
20260609,2026-06-10T00:02:42.089700+00:00,YPF,21,23,45.8,7.0,23.4,92.9,0.94,3.39,-3.07,55.31,📊
20260609,2026-06-10T00:02:42.089700+00:00,LNTH,22,24,44.9,8.0,21.2,25.4,1.1,2.24,-2.93,103.0,📊
20260609,2026-06-10T00:02:42.089700+00:00,BUD,23,25,44.8,20.0,20.8,13.5,0.79,0.08,-3.5,83.96,⏳
20260609,2026-06-10T00:02:42.089700+00:00,ARMK,24,26,44.7,8.0,19.6,62.7,1.37,2.24,-1.14,54.39,📊
20260609,2026-06-10T00:02:42.089700+00:00,SYRE,25,27,44.7,7.0,15.1,23.8,0.96,-0.36,-2.6,78.48,📊
20260609,2026-06-10T00:02:42.089700+00:00,TSM,26,28,44.5,6.0,12.2,53.2,0.97,0.81,-4.2,446.69,📊
20260609,2026-06-10T00:02:42.089700+00:00,HXL,27,29,44.2,21.0,20.3,18.3,0.71,-0.06,-3.54,96.48,⏳
20260609,2026-06-10T00:02:42.089700+00:00,STLD,28,30,43.7,7.0,20.5,88.9,0.91,2.21,-2.55,276.85,📊
20260609,2026-06-10T00:02:42.089700+00:00,VTRS,29,31,43.7,7.0,16.5,18.3,0.89,0.5,-6.16,17.26,⏳
20260609,2026-06-10T00:02:42.089700+00:00,IVZ,30,32,43.4,35.0,24.3,1.6,0.9,0.12,-3.69,28.98,⏳
20260609,2026-06-10T00:02:42.089700+00:00,NTRS,31,33,43.2,24.0,22.1,11.1,0.95,0.48,-0.96,172.26,📊
20260609,2026-06-10T00:02:42.089700+00:00,NVT,32,34,42.7,7.0,22.4,25.4,0.8,1.94,-7.14,176.39,⏳
20260609,2026-06-10T00:02:42.089700+00:00,ARWR,33,35,42.5,7.0,12.0,23.8,0.74,-0.62,-7.98,79.69,⏳
20260609,2026-06-10T00:02:42.089700+00:00,CFG,34,36,41.8,25.0,18.5,22.2,0.85,-0.08,-2.9,67.63,🔥
20260609,2026-06-10T00:02:42.089700+00:00,SAN,35,37,41.7,26.0,20.3,16.7,0.69,-0.16,-5.97,13.05,⏳
20260609,2026-06-10T00:02:42.089700+00:00,IBKR,36,38,41.5,8.0,14.5,31.0,1.24,0.49,-2.69,88.72,📊
20260609,2026-06-10T00:02:42.089700+00:00,JBL,37,39,41.1,7.0,13.0,33.3,0.96,0.55,-4.7,380.25,📊
20260609,2026-06-10T00:02:42.089700+00:00,SMFG,38,40,40.9,26.0,22.1,12.7,0.95,0.15,-3.11,23.81,⏳
20260609,2026-06-10T00:02:42.089700+00:00,HST,39,41,40.6,8.0,16.5,99.2,0.96,1.15,-0.61,24.62,📊
20260609,2026-06-10T00:02:42.089700+00:00,MPC,40,42,40.3,14.0,21.8,12.7,0.92,0.04,-3.39,267.21,⏳
20260610,2026-06-11T00:02:56.403618+00:00,BEN,1,2,77.2,6.0,9.0,4.0,0.76,-0.01,-3.74,32.35,⏳
20260610,2026-06-11T00:02:56.403618+00:00,CSX,2,3,68.5,6.0,6.4,12.7,0.99,0.24,-1.84,47.28,📊
20260610,2026-06-11T00:02:56.403618+00:00,DINO,3,4,66.6,6.0,11.5,3.2,0.69,-0.17,-4.36,73.99,⏳
20260610,2026-06-11T00:02:56.403618+00:00,UBS,4,5,62.1,9.0,16.3,10.3,0.85,0.98,-2.89,48.16,🔥
20260610,2026-06-11T00:02:56.403618+00:00,CNC,5,7,60.7,6.0,20.0,30.2,0.73,2.64,-1.31,66.21,📊
20260610,2026-06-11T00:02:56.403618+00:00,ELV,6,8,60.1,6.0,13.0,14.3,0.92,1.1,-4.68,424.43,⏳
20260610,2026-06-11T00:02:56.403618+00:00,NOV,7,9,59.9,19.0,15.8,2.4,0.71,-0.03,-1.72,21.45,🔥
20260610,2026-06-11T00:02:56.403618+00:00,TS,8,10,59.4,11.0,12.4,10.3,0.74,-0.52,-3.98,64.02,⏳
20260610,2026-06-11T00:02:56.403618+00:00,SSL,9,11,56.1,12.0,15.8,10.3,0.52,-0.84,-5.25,14.29,⏳
20260610,2026-06-11T00:02:56.403618+00:00,IRM,10,12,55.9,8.0,14.7,2.4,0.78,0.29,-6.59,132.06,⏳
20260610,2026-06-11T00:02:56.403618+00:00,TGT,11,13,54.5,17.0,15.1,0.0,1.01,-0.04,-2.2,130.86,📊
20260610,2026-06-11T00:02:56.403618+00:00,MKSI,12,14,53.8,8.0,20.9,9.5,0.81,1.85,-5.69,335.15,⏳
20260610,2026-06-11T00:02:56.403618+00:00,EIX,13,15,52.3,16.0,10.4,22.2,0.81,-1.03,-5.7,75.82,⏳
20260610,2026-06-11T00:02:56.403618+00:00,GGB,14,16,51.7,6.0,10.1,3.2,1.01,-0.6,-7.61,4.89,⏳
20260610,2026-06-11T00:02:56.403618+00:00,PSX,15,17,50.6,17.0,19.3,12.7,0.67,0.01,-2.78,186.92,🔥
20260610,2026-06-11T00:02:56.403618+00:00,SLB,16,18,50.2,21.0,23.6,1.6,0.77,0.54,-4.31,58.01,⏳
20260610,2026-06-11T00:02:56.403618+00:00,STT,17,19,49.5,7.0,9.3,54.8,0.87,0.36,-0.89,163.25,📊
20260610,2026-06-11T00:02:56.403618+00:00,VLO,18,20,49.2,12.0,14.9,22.2,0.75,-0.88,-1.32,261.45,🔥
20260610,2026-06-11T00:02:56.403618+00:00,NUE,19,21,46.0,6.0,15.5,78.6,0.92,2.03,-4.5,262.28,📊
20260610,2026-06-11T00:02:56.403618+00:00,OVV,20,22,45.8,13.0,16.6,6.3,0.66,-1.12,-8.15,63.08,⏳
20260610,2026-06-11T00:02:56.403618+00:00,STLD,21,23,44.6,7.0,19.3,88.1,0.95,2.34,-3.07,276.85,📊
20260610,2026-06-11T00:02:56.403618+00:00,NTRS,22,24,44.0,25.0,22.1,6.3,0.99,0.5,-3.56,172.26,⏳
20260610,2026-06-11T00:02:56.403618+00:00,LTH,23,25,43.7,27.0,24.9,11.1,0.77,0.31,-1.15,33.79,🔥
20260610,2026-06-11T00:02:56.403618+00:00,BUD,24,26,43.4,20.0,20.8,13.5,0.85,0.07,-3.22,83.96,⏳
20260610,2026-06-11T00:02:56.403618+00:00,TRGP,25,27,43.4,15.0,17.3,27.0,0.77,0.0,-1.52,276.75,📊
20260610,2026-06-11T00:02:56.403618+00:00,FANG,26,28,43.3,14.0,17.8,12.7,0.68,-0.42,-7.52,212.52,⏳
20260610,2026-06-11T00:02:56.403618+00:00,SMFG,27,29,43.1,25.0,21.0,12.7,0.9,0.07,-3.44,23.81,⏳
20260610,2026-06-11T00:02:56.403618+00:00,VTRS,28,30,43.1,6.0,14.1,13.5,0.87,-0.38,-8.65,17.26,⏳
20260610,2026-06-11T00:02:56.403618+00:00,BTSG,29,31,43.0,7.0,23.5,27.8,1.11,3.45,-1.77,61.68,📊
20260610,2026-06-11T00:02:56.403618+00:00,LNTH,30,32,43.0,9.0,22.3,26.2,1.06,2.02,-2.68,103.0,📊
20260610,2026-06-11T00:02:56.403618+00:00,SYRE,31,33,43.0,8.0,15.1,24.6,0.92,-0.3,-4.33,78.48,⏳
20260610,2026-06-11T00:02:56.403618+00:00,HXL,32,34,42.2,22.0,20.9,16.7,0.71,0.04,-5.09,96.48,⏳
20260610,2026-06-11T00:02:56.403618+00:00,ARMK,33,35,42.1,9.0,21.4,38.1,1.22,1.99,-2.0,54.39,📊
20260610,2026-06-11T00:02:56.403618+00:00,YPF,34,36,41.9,7.0,23.4,91.3,0.92,3.71,-1.88,55.31,📊
20260610,2026-06-11T00:02:56.403618+00:00,HST,35,37,41.8,8.0,16.5,98.4,0.97,1.35,-2.72,24.62,📊
20260610,2026-06-11T00:02:56.403618+00:00,MPC,36,38,41.7,14.0,21.0,13.5,0.91,0.02,-1.47,267.21,🔥
20260610,2026-06-11T00:02:56.403618+00:00,IVZ,37,39,41.5,35.0,24.3,0.0,0.89,0.12,-5.24,28.98,⏳
20260610,2026-06-11T00:02:56.403618+00:00,VIST,38,40,41.5,12.0,19.0,12.7,0.53,-0.83,-8.52,79.25,⏳
20260610,2026-06-11T00:02:56.403618+00:00,PBA,39,41,40.5,17.0,14.5,31.7,0.94,-0.04,-1.49,49.58,📊
20260610,2026-06-11T00:02:56.403618+00:00,IBKR,40,42,40.4,8.0,14.5,30.2,1.22,0.51,-3.72,88.72,📊
20260610,2026-06-11T00:02:56.403618+00:00,PAA,41,43,40.2,14.0,14.8,42.9,0.69,-0.48,-5.88,24.15,📊
20260611,2026-06-12T00:47:11.713642+00:00,BEN,1,2,75.9,6.0,8.2,1.6,0.76,0.02,-1.67,32.35,🔥
20260611,2026-06-12T00:47:11.713642+00:00,IRM,2,3,70.8,6.0,6.6,4.0,0.77,-0.87,-5.22,132.06,⏳
20260611,2026-06-12T00:47:11.713642+00:00,CSX,3,4,69.0,7.0,6.5,5.6,0.98,-0.04,0.0,47.37,📊
20260611,2026-06-12T00:47:11.713642+00:00,DINO,4,5,67.7,6.0,9.8,3.2,0.68,-0.3,-5.52,73.99,⏳
20260611,2026-06-12T00:47:11.713642+00:00,UBS,5,6,67.3,6.0,10.0,11.1,0.85,1.11,0.0,48.19,🔥
20260611,2026-06-12T00:47:11.713642+00:00,GGB,6,8,60.2,6.0,8.7,4.0,0.98,-0.63,-4.75,4.89,⏳
20260611,2026-06-12T00:47:11.713642+00:00,CNC,7,9,60.0,6.0,20.0,30.2,0.72,2.84,-4.03,66.21,📊
20260611,2026-06-12T00:47:11.713642+00:00,ELV,8,10,59.9,6.0,13.0,15.1,0.89,1.2,-5.57,422.71,⏳
20260611,2026-06-12T00:47:11.713642+00:00,NOV,9,11,59.4,19.0,15.8,4.8,0.67,-0.04,-1.54,21.45,🔥
20260611,2026-06-12T00:47:11.713642+00:00,VOD,10,12,58.6,19.0,12.3,4.0,0.76,-0.51,-4.75,16.02,⏳
20260611,2026-06-12T00:47:11.713642+00:00,TS,11,13,57.0,11.0,12.4,8.7,0.74,-0.51,-3.19,64.02,⏳
20260611,2026-06-12T00:47:11.713642+00:00,SSL,12,14,53.5,12.0,15.8,11.1,0.52,-0.85,-6.09,14.29,⏳
20260611,2026-06-12T00:47:11.713642+00:00,VTRS,13,15,53.3,7.0,16.1,6.3,0.85,0.32,-5.52,17.26,⏳
20260611,2026-06-12T00:47:11.713642+00:00,SLB,14,16,51.7,21.0,23.6,0.8,0.77,0.52,-3.46,58.01,⏳
20260611,2026-06-12T00:47:11.713642+00:00,EIX,15,17,51.2,16.0,10.4,28.6,0.82,-1.07,-4.59,75.82,⏳
20260611,2026-06-12T00:47:11.713642+00:00,PSX,16,18,50.9,17.0,19.3,7.1,0.65,-0.03,-4.72,186.92,⏳
20260611,2026-06-12T00:47:11.713642+00:00,VLO,17,19,50.5,13.0,14.9,19.0,0.77,-0.73,-2.24,261.45,🔥
20260611,2026-06-12T00:47:11.713642+00:00,CAT,18,20,49.5,6.0,9.0,18.3,1.11,-0.44,-4.56,940.48,⏳
20260611,2026-06-12T00:47:11.713642+00:00,NUE,19,21,49.5,6.0,15.5,81.0,0.91,2.26,-0.53,262.28,📊
20260611,2026-06-12T00:47:11.713642+00:00,VIST,20,22,49.0,12.0,19.0,0.0,0.54,-0.81,-7.86,79.25,⏳
20260611,2026-06-12T00:47:11.713642+00:00,STT,21,23,47.6,7.0,9.0,61.1,0.89,0.32,1.29,162.75,📊
20260611,2026-06-12T00:47:11.713642+00:00,AMX,22,24,47.0,11.0,11.0,51.6,0.69,-1.28,0.0,27.66,📊
20260611,2026-06-12T00:47:11.713642+00:00,TSM,23,25,46.9,6.0,12.1,43.7,0.94,0.85,-5.74,446.69,📊
20260611,2026-06-12T00:47:11.713642+00:00,TGT,24,26,46.9,16.0,14.7,7.1,1.02,-0.1,1.36,130.86,📊
20260611,2026-06-12T00:47:11.713642+00:00,VOYA,25,27,46.9,6.0,10.4,78.6,0.95,0.56,2.74,88.48,📊
20260611,2026-06-12T00:47:11.713642+00:00,ESI,26,28,46.0,9.0,17.5,13.5,0.84,0.11,-4.57,44.98,⏳
20260611,2026-06-12T00:47:11.713642+00:00,EBAY,27,29,45.8,6.0,13.0,31.7,0.78,-0.11,-7.6,118.63,📊
20260611,2026-06-12T00:47:11.713642+00:00,TTMI,28,30,45.2,6.0,21.9,21.4,1.27,2.39,-4.95,196.95,⏳
20260611,2026-06-12T00:47:11.713642+00:00,NTRS,29,31,45.1,25.0,22.1,4.0,1.01,0.49,-0.88,172.26,📊
20260611,2026-06-12T00:47:11.713642+00:00,MPC,30,32,45.0,14.0,20.3,11.1,0.86,-0.02,-2.4,267.21,🔥
20260611,2026-06-12T00:47:11.713642+00:00,TRGP,31,33,44.5,15.0,17.3,25.4,0.75,-0.01,-2.67,276.75,📊
20260611,2026-06-12T00:47:11.713642+00:00,MKSI,32,34,44.3,8.0,20.9,19.8,0.84,1.78,3.03,335.15,📊
20260611,2026-06-12T00:47:11.713642+00:00,STLD,33,35,44.0,7.0,20.1,89.7,0.93,2.65,0.0,279.55,📊
20260611,2026-06-12T00:47:11.713642+00:00,MS,34,36,43.8,8.0,14.7,73.8,0.9,1.09,-2.57,218.27,📊
20260611,2026-06-12T00:47:11.713642+00:00,IBKR,35,37,43.8,6.0,10.6,36.5,1.24,0.43,0.0,88.83,📊
20260611,2026-06-12T00:47:11.713642+00:00,ARWR,36,38,43.8,7.0,12.0,27.8,0.72,-0.73,-6.63,79.69,⏳
20260611,2026-06-12T00:47:11.713642+00:00,AMKR,37,39,43.6,7.0,16.7,7.9,1.24,-1.35,-2.39,78.01,📊
20260611,2026-06-12T00:47:11.713642+00:00,IVZ,38,40,43.4,35.0,24.3,4.0,0.9,0.12,-2.37,28.98,🔥
20260611,2026-06-12T00:47:11.713642+00:00,BUD,39,41,42.8,21.0,21.7,14.3,0.87,0.18,-2.01,83.96,🔥
20260611,2026-06-12T00:47:11.713642+00:00,JBL,40,42,42.7,7.0,13.0,44.4,0.94,0.66,-0.88,380.25,📊
20260611,2026-06-12T00:47:11.713642+00:00,TEVA,41,43,42.5,26.0,22.0,5.6,0.86,0.02,-4.9,36.34,⏳
20260611,2026-06-12T00:47:11.713642+00:00,HWM,42,44,42.2,17.0,18.5,7.1,1.03,-0.56,-3.28,273.58,⏳
20260611,2026-06-12T00:47:11.713642+00:00,SAN,43,45,42.1,27.0,20.3,21.4,0.74,-0.12,-3.75,13.05,⏳
20260611,2026-06-12T00:47:11.713642+00:00,HST,44,46,41.8,8.0,16.5,96.8,0.98,1.49,-1.14,24.62,📊
20260611,2026-06-12T00:47:11.713642+00:00,PAA,45,47,41.7,16.0,16.9,31.7,0.71,-0.16,-6.92,24.15,📊
20260611,2026-06-12T00:47:11.713642+00:00,SM,46,48,41.2,7.0,18.0,30.2,0.63,0.98,-9.52,34.57,📊
20260611,2026-06-12T00:47:11.713642+00:00,ROKU,47,49,40.5,8.0,15.2,21.4,0.73,0.25,-9.3,131.91,⏳
