start_run_id,ticker,end_run_id,outcome,days_to_trigger,gap_pct,ret5,ret10,ret_h,trade_ret_pct,exit_day,spy_trade,qqq_trade,fellback5,stop_hit,censored,horizon,stop_pct,entry
20260514,AA,20260514,FADED,,,,,-5.29,,,,,,,0,20,8.0,touch
20260514,AMX,20260521,FADED,,,,,-3.51,,,,,,,0,20,8.0,touch
20260514,AMZN,20260514,FADED,,,,,-1.15,,,,,,,0,20,8.0,touch
20260514,ARWR,20260609,TRIGGERED,8,0.0,-8.96,-11.24,-0.53,-8.0,4,1.21,2.29,1,1,0,20,8.0,touch
20260514,C,20260602,TRIGGERED,12,0.0,1.74,7.98,5.82,5.82,20,-1.57,-2.71,1,0,0,20,8.0,touch
20260514,CAT,20260514,FADED,,,,,-3.47,,,,,,,0,20,8.0,touch
20260514,CENX,20260514,FADED,,,,,-7.52,,,,,,,0,20,8.0,touch
20260514,CGON,20260514,FADED,,,,,-3.75,,,,,,,0,20,8.0,touch
20260514,CM,20260521,TRIGGERED,4,0.0,-3.07,-3.42,-1.13,-1.13,20,1.0,3.85,1,0,0,20,8.0,touch
20260514,CSX,20260514,FADED,,,,,-0.57,,,,,,,0,20,8.0,touch
20260514,CVE,20260514,TRIGGERED,1,0.0,-1.86,-7.77,-10.97,-8.0,7,1.53,2.89,1,1,0,20,8.0,touch
20260514,CX,20260514,FADED,,,,,-4.56,,,,,,,0,20,8.0,touch
20260514,DAR,20260518,FADED,,,,,-4.51,,,,,,,0,20,8.0,touch
20260514,DOW,20260514,FADED,,,,,-0.08,,,,,,,0,20,8.0,touch
20260514,FTI,20260521,FADED,,,,,-2.7,,,,,,,0,20,8.0,touch
20260514,GLNG,20260520,BROKE_DOWN,,,,,-8.6,,,,,,,0,20,8.0,touch
20260514,GS,20260518,FADED,,,,,-4.15,,,,,,,0,20,8.0,touch
20260514,GSAT,20260526,TRIGGERED,5,0.0,1.86,-1.43,-3.46,-3.46,20,0.48,3.39,0,0,0,20,8.0,touch
20260514,HSBC,20260530,TRIGGERED,4,0.0,1.42,1.06,3.62,3.62,20,1.0,3.85,0,0,0,20,8.0,touch
20260514,HST,20260518,FADED,,,,,1.16,,,,,,,0,20,8.0,touch
20260514,IBKR,20260514,TRIGGERED,1,0.0,-6.63,1.9,6.57,-8.0,7,1.53,2.89,1,1,0,20,8.0,touch
20260514,IRM,20260514,FADED,,,,,-2.1,,,,,,,0,20,8.0,touch
20260514,JCI,20260514,FADED,,,,,-1.34,,,,,,,0,20,8.0,touch
20260514,KEYS,20260514,FADED,,,,,-3.47,,,,,,,0,20,8.0,touch
20260514,KNX,20260514,TRIGGERED,1,1.61,4.66,16.3,18.59,18.59,20,2.12,4.95,0,0,0,20,8.0,touch
20260514,MGA,20260514,FADED,,,,,-3.88,,,,,,,0,20,8.0,touch
20260514,MOD,20260514,FADED,,,,,-7.15,,,,,,,0,20,8.0,touch
20260514,MS,20260520,TRIGGERED,1,0.0,3.4,8.54,12.12,12.12,20,2.12,4.95,1,0,0,20,8.0,touch
20260514,NEM,20260514,FADED,,,,,-6.25,,,,,,,0,20,8.0,touch
20260514,NOV,20260526,TRIGGERED,2,0.0,0.55,-2.2,-4.13,-4.13,20,1.58,3.4,1,0,0,20,8.0,touch
20260514,PAA,20260518,TRIGGERED,1,0.0,4.83,-0.47,-4.77,-4.77,20,2.12,4.95,0,0,0,20,8.0,touch
20260514,PL,20260522,TRIGGERED,1,0.55,5.42,10.43,-27.31,-8.0,2,-0.74,-1.04,1,1,0,20,8.0,touch
20260514,ROIV,20260518,FADED,,,,,-4.37,,,,,,,0,20,8.0,touch
20260514,ROKU,20260609,TRIGGERED,8,0.0,-5.66,-9.72,4.01,-8.0,9,-1.79,-2.96,1,1,0,20,8.0,touch
20260514,SLB,20260526,TRIGGERED,2,0.0,1.33,-1.15,-6.76,-6.76,20,1.58,3.4,1,0,0,20,8.0,touch
20260514,SQM,20260514,FADED,,,,,-2.93,,,,,,,0,20,8.0,touch
20260514,SRRK,20260514,TRIGGERED,1,0.7,-4.73,-6.2,-9.11,-8.0,2,-0.74,-1.04,1,1,0,20,8.0,touch
20260514,SSL,20260526,FADED,,,,,-4.72,,,,,,,0,20,8.0,touch
20260514,STT,20260526,TRIGGERED,4,0.0,1.82,5.14,8.74,8.74,20,1.0,3.85,1,0,0,20,8.0,touch
20260514,SU,20260526,TRIGGERED,2,0.0,-6.49,-6.85,-16.5,-8.0,6,1.6,3.34,1,1,0,20,8.0,touch
20260514,TD,20260520,TRIGGERED,4,0.0,3.68,4.05,9.12,9.12,20,1.0,3.85,0,0,0,20,8.0,touch
20260514,TECK,20260514,FADED,,,,,-6.19,,,,,,,0,20,8.0,touch
20260514,TIGO,20260530,TRIGGERED,5,0.0,-0.25,-3.4,-0.26,-8.0,2,1.06,2.21,1,1,0,20,8.0,touch
20260514,TRGP,20260514,TRIGGERED,1,2.24,3.59,-3.02,-1.81,-1.81,20,2.12,4.95,0,0,0,20,8.0,touch
20260514,TRP,20260514,TRIGGERED,1,0.45,4.53,-2.52,1.81,1.81,20,2.12,4.95,0,0,0,20,8.0,touch
20260514,TS,20260530,TRIGGERED,7,0.0,1.9,-2.15,-9.8,-8.0,17,-0.26,1.42,1,1,0,20,8.0,touch
20260514,TTE,20260522,TRIGGERED,2,0.0,-3.8,-4.49,-10.07,-8.0,19,2.19,5.4,1,1,0,20,8.0,touch
20260514,UGP,20260522,FADED,,,,,-6.42,,,,,,,0,20,8.0,touch
20260514,VAL,20260514,TRIGGERED,1,0.0,-2.7,-10.1,-16.65,-8.0,7,1.53,2.89,1,1,0,20,8.0,touch
20260514,VLO,20260518,TRIGGERED,2,0.0,-5.43,1.16,-4.38,-8.0,6,1.6,3.34,1,1,0,20,8.0,touch
20260514,VOD,20260514,FADED,,,,,-5.17,,,,,,,0,20,8.0,touch
20260514,WMB,20260522,TRIGGERED,1,1.15,0.86,-9.97,-7.43,-8.0,9,2.34,4.14,0,1,0,20,8.0,touch
20260518,ADI,20260518,FADED,,,,,-1.02,,,,,,,0,20,8.0,touch
20260518,AVGO,20260530,TRIGGERED,8,0.0,-12.43,-13.26,-15.31,-8.0,4,0.08,0.31,1,1,0,20,8.0,touch
20260518,BP,20260520,FADED,,,,,-1.79,,,,,,,0,20,8.0,touch
20260518,EOG,20260518,FADED,,,,,0.92,,,,,,,0,20,8.0,touch
20260518,EQNR,20260518,FADED,,,,,2.85,,,,,,,0,20,8.0,touch
20260518,FRO,20260526,FADED,,,,,-6.04,,,,,,,0,20,8.0,touch
20260518,GOOGL,20260530,FADED,,,,,-5.18,,,,,,,0,20,8.0,touch
20260518,LBRT,20260526,TRIGGERED,2,0.0,-14.6,-6.98,-19.89,-8.0,4,1.24,2.29,1,1,0,20,8.0,touch
20260518,LSCC,20260520,TRIGGERED,2,0.0,14.23,17.8,19.2,19.2,20,1.0,3.85,0,0,0,20,8.0,touch
20260518,LYB,20260518,FADED,,,,,-1.47,,,,,,,0,20,8.0,touch
20260518,MAC,20260518,FADED,,,,,0.27,,,,,,,0,20,8.0,touch
20260518,MUR,20260520,FADED,,,,,-6.6,,,,,,,0,20,8.0,touch
20260518,PBR,20260518,FADED,,,,,-1.4,,,,,,,0,20,8.0,touch
20260518,SIRI,20260520,TRIGGERED,3,0.0,6.26,-2.77,0.58,0.58,20,0.48,3.39,0,0,0,20,8.0,touch
20260518,UNH,20260522,FADED,,,,,-3.65,,,,,,,0,20,8.0,touch
20260518,VNOM,20260518,FADED,,,,,-0.77,,,,,,,0,20,8.0,touch
20260518,WMT,20260518,TRIGGERED,1,0.0,-11.11,-12.35,-11.42,-8.0,2,1.23,1.85,1,1,0,20,8.0,touch
20260520,AMZN,20260522,FADED,,,,,0.11,,,,,,,0,20,8.0,touch
20260520,BEN,20260520,FADED,,,,,-1.09,,,,,,,0,20,8.0,touch
20260520,BHP,20260530,TRIGGERED,7,0.0,-7.83,1.45,-8.26,-8.0,4,-2.77,-5.07,1,1,0,20,8.0,touch
20260520,BNS,20260521,TRIGGERED,1,0.0,1.1,1.74,9.75,9.75,20,0.48,3.39,0,0,0,20,8.0,touch
20260520,CHRD,20260522,FADED,,,,,-5.28,,,,,,,0,20,8.0,touch
20260520,CIEN,20260602,TRIGGERED,2,1.26,-4.91,-22.09,-23.23,-8.0,4,1.45,2.89,1,1,0,20,8.0,touch
20260520,CSX,20260722,TRIGGERED,3,0.0,-0.13,2.34,-0.3,-0.3,20,-2.06,-2.59,1,0,0,20,8.0,touch
20260520,GGB,20260616,TRIGGERED,8,0.0,-6.75,-5.52,-17.79,-8.0,5,-2.96,-5.14,1,1,0,20,8.0,touch
20260520,HAL,20260526,FADED,,,,,-6.38,,,,,,,0,20,8.0,touch
20260520,JBL,20260522,TRIGGERED,3,0.12,0.12,-2.77,-0.24,-8.0,10,-1.8,-3.07,1,1,0,20,8.0,touch
20260520,MAR,20260526,TRIGGERED,4,0.16,-0.48,2.02,0.09,0.09,20,-1.9,-1.68,1,0,0,20,8.0,touch
20260520,MGA,20260522,TRIGGERED,2,1.04,2.07,4.45,1.0,1.0,20,-1.36,-0.43,0,0,0,20,8.0,touch
20260520,MKSI,20260522,TRIGGERED,2,0.0,-0.73,-2.38,21.73,21.73,20,-1.36,-0.43,1,0,0,20,8.0,touch
20260520,NTRS,20260602,FADED,,,,,1.5,,,,,,,0,20,8.0,touch
20260520,NUE,20260526,TRIGGERED,3,0.0,10.08,8.32,2.44,2.44,20,-2.06,-2.59,0,0,0,20,8.0,touch
20260520,PBA,20260521,TRIGGERED,1,0.0,-7.07,-2.54,-6.32,-8.0,19,0.8,3.65,1,1,0,20,8.0,touch
20260520,PFG,20260526,TRIGGERED,1,0.44,0.79,3.16,9.05,9.05,20,0.48,3.39,0,0,0,20,8.0,touch
20260520,SAN,20260520,FADED,,,,,-0.4,,,,,,,0,20,8.0,touch
20260520,SKM,20260526,FADED,,,,,-3.32,,,,,,,0,20,8.0,touch
20260520,STLD,20260522,TRIGGERED,2,0.0,7.92,10.23,0.53,0.53,20,-1.36,-0.43,0,0,0,20,8.0,touch
20260520,TSM,20260530,TRIGGERED,4,1.55,2.26,-4.28,2.1,2.1,20,-1.9,-1.68,1,0,0,20,8.0,touch
20260520,VLY,20260608,TRIGGERED,11,0.0,5.45,3.41,7.99,7.99,20,1.64,0.73,1,0,0,20,8.0,touch
20260520,WBD,20260520,FADED,,,,,-1.17,,,,,,,0,20,8.0,touch
20260521,AA,20260522,TRIGGERED,2,0.0,14.48,-1.07,-28.54,-8.0,11,-3.35,-5.01,1,1,0,20,8.0,touch
20260521,MAC,20260526,TRIGGERED,2,0.0,-1.51,8.01,13.29,13.29,20,-2.06,-2.59,1,0,0,20,8.0,touch
20260521,TECK,20260521,FADED,,,,,-0.54,,,,,,,0,20,8.0,touch
20260521,TGT,20260530,TRIGGERED,3,0.0,-4.63,-2.2,6.66,6.66,20,-1.9,-1.68,1,0,0,20,8.0,touch
20260521,VALE,20260526,FADED,,,,,0.24,,,,,,,0,20,8.0,touch
20260521,WFRD,20260526,TRIGGERED,2,0.0,-6.91,-9.12,-24.17,-8.0,3,0.78,1.1,1,1,0,20,8.0,touch
20260522,AMAT,20260522,TRIGGERED,1,0.38,10.19,12.25,32.43,32.43,20,-2.06,-2.59,0,0,0,20,8.0,touch
20260522,AVT,20260522,TRIGGERED,1,0.0,6.82,0.3,1.81,1.81,20,-2.06,-2.59,1,0,0,20,8.0,touch
20260522,BEN,20260803,TRIGGERED,15,0.78,2.61,2.05,3.15,3.15,20,0.25,-3.42,0,0,0,20,8.0,touch
20260522,CENX,20260522,FADED,,,,,2.81,,,,,,,0,20,8.0,touch
20260522,CGNX,20260522,TRIGGERED,1,1.31,-2.89,-9.89,-6.48,-8.0,8,-1.74,-3.45,1,1,0,20,8.0,touch
20260522,GEV,20260526,FADED,,,,,-0.66,,,,,,,0,20,8.0,touch
20260522,MRK,20260522,FADED,,,,,-2.2,,,,,,,0,20,8.0,touch
20260522,NE,20260522,FADED,,,,,-3.81,,,,,,,0,20,8.0,touch
20260522,SYRE,20260602,FADED,,,,,-0.72,,,,,,,0,20,8.0,touch
20260522,VLO,20260522,FADED,,,,,-2.23,,,,,,,0,20,8.0,touch
20260522,YOU,20260522,TRIGGERED,1,0.0,-8.69,-14.47,-14.61,-8.0,1,-0.02,-0.11,1,1,0,20,8.0,touch
20260526,ADI,20260605,TRIGGERED,6,0.0,-8.94,-3.89,-12.53,-8.0,4,-2.28,-4.89,1,1,0,20,8.0,touch
20260526,AROC,20260526,FADED,,,,,-2.86,,,,,,,0,20,8.0,touch
20260526,BKR,20260526,FADED,,,,,-5.29,,,,,,,0,20,8.0,touch
20260526,CAT,20260609,TRIGGERED,6,0.0,-7.81,2.94,3.76,3.76,20,-1.0,-4.14,1,0,0,20,8.0,touch
20260526,CFG,20260526,FADED,,,,,-0.9,,,,,,,0,20,8.0,touch
20260526,CX,20260605,BROKE_DOWN,,,,,-8.09,,,,,,,0,20,8.0,touch
20260526,IRM,20260630,TRIGGERED,18,0.0,-0.91,-11.75,-4.27,-8.0,8,0.05,-3.44,1,1,0,20,8.0,touch
20260526,KEYS,20260526,FADED,,,,,-2.27,,,,,,,0,20,8.0,touch
20260526,TECK,20260530,TRIGGERED,4,0.0,-7.23,-1.02,-11.04,-8.0,4,-2.77,-5.07,1,1,0,20,8.0,touch
20260526,WULF,20260526,TRIGGERED,1,1.75,-0.11,-11.45,-0.5,-8.0,3,1.08,1.82,1,1,0,20,8.0,touch
20260530,AMZN,20260530,FADED,,,,,-3.47,,,,,,,0,20,8.0,touch
20260530,AVT,20260530,FADED,,,,,0.02,,,,,,,0,20,8.0,touch
20260530,DINO,20260616,TRIGGERED,3,0.0,-4.37,-10.92,-2.01,-8.0,8,0.08,-0.03,1,1,0,20,8.0,touch
20260530,ESI,20260602,FADED,,,,,0.14,,,,,,,0,20,8.0,touch
20260530,IBKR,20260605,TRIGGERED,1,0.0,-1.05,5.07,-1.4,-1.4,20,-1.3,-0.74,1,0,0,20,8.0,touch
20260530,MKSI,20260611,TRIGGERED,2,0.0,-3.94,9.64,23.03,-8.0,3,-2.9,-5.51,1,1,0,20,8.0,touch
20260530,NVT,20260609,TRIGGERED,2,0.0,-5.96,-3.93,-8.15,-8.0,5,-2.96,-5.14,1,1,0,20,8.0,touch
20260530,PSX,20260612,TRIGGERED,3,0.0,-2.78,-10.57,-5.62,-8.0,8,0.08,-0.03,1,1,0,20,8.0,touch
20260530,SIRI,20260602,FADED,,,,,-4.88,,,,,,,0,20,8.0,touch
20260530,TEVA,20260530,FADED,,,,,-1.93,,,,,,,0,20,8.0,touch
20260530,VLO,20260615,TRIGGERED,3,0.0,-1.68,-8.62,2.05,-8.0,8,0.08,-0.03,1,1,0,20,8.0,touch
20260602,BKR,20260608,FADED,,,,,-1.53,,,,,,,0,20,8.0,touch
20260602,FANG,20260608,FADED,,,,,-4.03,,,,,,,0,20,8.0,touch
20260602,IVZ,20260611,TRIGGERED,8,0.0,-0.69,-9.25,-0.86,-8.0,7,-0.89,-1.38,1,1,0,20,8.0,touch
20260602,NOV,20260602,FADED,,,,,1.81,,,,,,,0,20,8.0,touch
20260602,NUE,20260617,TRIGGERED,1,0.0,-3.32,-2.51,-14.59,-8.0,13,-2.49,-4.0,1,1,0,20,8.0,touch
20260602,RIO,20260605,BROKE_DOWN,,,,,-9.62,,,,,,,0,20,8.0,touch
20260602,SAN,20260609,FADED,,,,,-3.95,,,,,,,0,20,8.0,touch
20260602,SLB,20260604,TRIGGERED,2,0.0,-3.41,-17.06,-21.15,-8.0,8,-0.89,-1.45,1,1,0,20,8.0,touch
20260602,SMFG,20260602,FADED,,,,,1.01,,,,,,,0,20,8.0,touch
20260602,SSL,20260611,FADED,,,,,-0.84,,,,,,,0,20,8.0,touch
20260602,STLD,20260602,TRIGGERED,1,0.0,-1.35,-0.7,-18.8,-8.0,11,-0.74,-0.48,1,1,0,20,8.0,touch
20260602,VALE,20260602,FADED,,,,,-4.52,,,,,,,0,20,8.0,touch
20260602,YOU,20260602,FADED,,,,,-1.23,,,,,,,0,20,8.0,touch
20260604,AMKR,20260605,BROKE_DOWN,,,,,-7.49,,,,,,,0,20,8.0,touch
20260604,BHP,20260605,FADED,,,,,-5.72,,,,,,,0,20,8.0,touch
20260604,CGNX,20260605,FADED,,,,,-3.53,,,,,,,0,20,8.0,touch
20260604,CNQ,20260605,FADED,,,,,-2.87,,,,,,,0,20,8.0,touch
20260604,ELV,20260615,TRIGGERED,1,0.04,-1.25,-3.51,2.37,2.37,20,1.64,0.73,1,0,0,20,8.0,touch
20260604,HSBC,20260608,FADED,,,,,-3.54,,,,,,,0,20,8.0,touch
20260604,ING,20260605,FADED,,,,,-5.02,,,,,,,0,20,8.0,touch
20260604,JBL,20260609,FADED,,,,,-5.74,,,,,,,0,20,8.0,touch
20260604,MAC,20260604,TRIGGERED,1,1.07,9.46,4.09,10.37,10.37,20,1.64,0.73,0,0,0,20,8.0,touch
20260604,MS,20260608,TRIGGERED,1,2.9,-1.96,4.02,1.7,1.7,20,1.64,0.73,1,0,0,20,8.0,touch
20260604,OVV,20260605,FADED,,,,,-2.33,,,,,,,0,20,8.0,touch
20260604,STT,20260616,TRIGGERED,1,1.06,3.29,7.04,11.43,11.43,20,1.64,0.73,0,0,0,20,8.0,touch
20260604,TXN,20260605,FADED,,,,,-4.74,,,,,,,0,20,8.0,touch
20260605,BTSG,20260605,FADED,,,,,3.17,,,,,,,0,20,8.0,touch
20260605,ESI,20260605,FADED,,,,,0.78,,,,,,,0,20,8.0,touch
20260605,STLD,20260611,TRIGGERED,4,0.0,-9.94,-11.53,-15.43,-8.0,5,1.48,3.28,1,1,0,20,8.0,touch
20260605,SU,20260605,FADED,,,,,1.66,,,,,,,0,20,8.0,touch
20260605,SYRE,20260605,FADED,,,,,-2.24,,,,,,,0,20,8.0,touch
20260605,TIGO,20260605,FADED,,,,,1.22,,,,,,,0,20,8.0,touch
20260605,YOU,20260605,FADED,,,,,0.84,,,,,,,0,20,8.0,touch
20260608,CFG,20260609,FADED,,,,,0.95,,,,,,,0,20,8.0,touch
20260608,EWBC,20260608,TRIGGERED,1,0.86,2.57,2.63,2.88,2.88,20,2.25,2.3,0,0,0,20,8.0,touch
20260608,EXEL,20260608,TRIGGERED,1,1.8,-0.82,0.65,8.7,8.7,20,2.25,2.3,0,0,0,20,8.0,touch
20260608,HXL,20260610,TRIGGERED,3,0.0,1.19,0.04,2.82,2.82,20,1.81,-0.64,0,0,0,20,8.0,touch
20260608,LNTH,20260610,TRIGGERED,3,0.0,0.83,6.6,2.32,2.32,20,1.81,-0.64,0,0,0,20,8.0,touch
20260608,MNST,20260608,TRIGGERED,1,0.0,3.8,5.75,7.82,7.82,20,2.25,2.3,0,0,0,20,8.0,touch
20260608,NOV,20260615,TRIGGERED,1,0.24,-5.49,-13.11,-12.74,-8.0,6,0.53,2.07,1,1,0,20,8.0,touch
20260608,NTRS,20260611,TRIGGERED,1,0.0,1.5,0.97,6.15,6.15,20,2.25,2.3,1,0,0,20,8.0,touch
20260608,PFG,20260608,TRIGGERED,1,1.62,5.31,1.08,5.79,5.79,20,2.25,2.3,0,0,0,20,8.0,touch
20260608,SLB,20260612,FADED,,,,,-5.02,,,,,,,0,20,8.0,touch
20260608,SMFG,20260610,TRIGGERED,3,0.0,5.96,0.08,9.03,9.03,20,1.81,-0.64,0,0,0,20,8.0,touch
20260608,TS,20260615,FADED,,,,,-4.17,,,,,,,0,20,8.0,touch
20260608,TSM,20260609,FADED,,,,,-4.23,,,,,,,0,20,8.0,touch
20260608,YPF,20260610,TRIGGERED,2,0.0,-8.06,-17.27,-13.98,-8.0,4,3.43,5.21,1,1,0,20,8.0,touch
20260609,ARMK,20260610,TRIGGERED,2,0.0,-1.95,3.07,6.91,6.91,20,1.81,-0.64,1,0,0,20,8.0,touch
20260609,BUD,20260612,FADED,,,,,0.57,,,,,,,0,20,8.0,touch
20260609,EIX,20260611,FADED,,,,,2.37,,,,,,,0,20,8.0,touch
20260609,HST,20260623,FADED,,,,,0.45,,,,,,,0,20,8.0,touch
20260609,IBKR,20260611,TRIGGERED,2,0.0,8.21,1.24,5.46,5.46,20,1.81,-0.64,0,0,0,20,8.0,touch
20260609,MPC,20260612,TRIGGERED,1,0.0,-8.46,-5.11,6.19,-8.0,5,2.14,4.15,1,1,0,20,8.0,touch
20260609,SYRE,20260610,TRIGGERED,1,0.0,11.48,12.98,24.54,24.54,20,4.34,4.7,0,0,0,20,8.0,touch
20260609,TGT,20260611,TRIGGERED,2,0.0,-0.09,7.28,2.99,2.99,20,1.81,-0.64,1,0,0,20,8.0,touch
20260609,VTRS,20260617,FADED,,,,,-5.12,,,,,,,0,20,8.0,touch
20260610,BTSG,20260610,TRIGGERED,1,0.0,7.41,11.84,12.91,12.91,20,1.81,-0.64,0,0,0,20,8.0,touch
20260610,CNC,20260728,TRIGGERED,14,0.41,1.68,-3.9,-8.48,-8.0,18,-0.66,-6.85,1,1,0,20,8.0,touch
20260610,FANG,20260610,FADED,,,,,-2.52,,,,,,,0,20,8.0,touch
20260610,LTH,20260610,TRIGGERED,1,0.0,9.26,21.37,22.73,22.73,20,1.81,-0.64,0,0,0,20,8.0,touch
20260610,OVV,20260610,FADED,,,,,-2.43,,,,,,,0,20,8.0,touch
20260610,PAA,20260611,FADED,,,,,-1.28,,,,,,,0,20,8.0,touch
20260610,PBA,20260610,FADED,,,,,-0.37,,,,,,,0,20,8.0,touch
20260610,TRGP,20260612,FADED,,,,,-3.75,,,,,,,0,20,8.0,touch
20260610,VIST,20260612,FADED,,,,,-5.39,,,,,,,0,20,8.0,touch
20260611,AMKR,20260611,TRIGGERED,1,0.0,19.92,5.55,-10.01,-8.0,13,0.67,-1.1,0,1,0,20,8.0,touch
20260611,AMX,20260611,TRIGGERED,1,0.0,-6.83,-4.43,-5.35,-8.0,6,-0.85,-0.96,1,1,0,20,8.0,touch
20260611,ARWR,20260617,TRIGGERED,4,0.0,-0.53,5.4,-6.76,-8.0,16,1.37,-1.38,1,1,0,20,8.0,touch
20260611,CAT,20260617,TRIGGERED,2,0.0,4.46,13.02,-2.96,-2.96,20,0.25,-3.42,0,0,0,20,8.0,touch
20260611,EBAY,20260617,FADED,,,,,-1.25,,,,,,,0,20,8.0,touch
20260611,ESI,20260617,TRIGGERED,2,0.98,0.97,5.13,-13.98,-8.0,13,-0.21,-2.74,1,1,0,20,8.0,touch
20260611,HWM,20260615,TRIGGERED,3,0.0,0.91,-2.26,-0.87,-0.87,20,0.31,-3.17,0,0,0,20,8.0,touch
20260611,JBL,20260611,TRIGGERED,1,0.0,-0.79,-1.75,-14.05,-8.0,13,0.67,-1.1,1,1,0,20,8.0,touch
20260611,MS,20260616,TRIGGERED,2,0.0,2.99,-4.75,4.14,4.14,20,0.25,-3.42,0,0,0,20,8.0,touch
20260611,ROKU,20260611,TRIGGERED,1,0.0,2.49,3.5,7.47,7.47,20,1.62,-0.12,0,0,0,20,8.0,touch
20260611,SAN,20260611,FADED,,,,,2.47,,,,,,,0,20,8.0,touch
20260611,SM,20260612,BROKE_DOWN,,,,,-8.98,,,,,,,0,20,8.0,touch
20260611,TEVA,20260612,FADED,,,,,-2.52,,,,,,,0,20,8.0,touch
20260611,TSM,20260617,TRIGGERED,5,0.0,-2.98,1.38,-9.73,-8.0,18,0.53,-4.58,1,1,0,20,8.0,touch
20260611,TTMI,20260612,TRIGGERED,1,0.0,12.45,-5.15,-27.92,-8.0,10,0.16,0.49,0,1,0,20,8.0,touch
20260611,VOD,20260612,FADED,,,,,-1.7,,,,,,,0,20,8.0,touch
20260611,VOYA,20260701,TRIGGERED,1,2.85,1.49,-0.15,8.02,8.02,20,1.62,-0.12,0,0,0,20,8.0,touch
20260612,ADI,20260615,TRIGGERED,2,0.0,-5.6,-11.12,-13.06,-8.0,7,-2.59,-3.09,1,1,0,20,8.0,touch
20260612,ARMK,20260811,TRIGGERED,1,0.11,-1.52,4.23,4.51,4.51,20,0.25,-3.42,1,0,0,20,8.0,touch
20260612,BHP,20260617,TRIGGERED,1,0.0,-11.7,-10.56,-8.23,-8.0,4,-1.13,-0.7,1,1,0,20,8.0,touch
20260612,BTSG,20260624,TRIGGERED,1,0.16,5.54,10.12,7.78,7.78,20,0.25,-3.42,0,0,0,20,8.0,touch
20260612,CX,20260622,FADED,,,,,-6.09,,,,,,,0,20,8.0,touch
20260612,ILMN,20260616,FADED,,,,,-1.17,,,,,,,0,20,8.0,touch
20260612,KEYS,20260616,FADED,,,,,0.01,,,,,,,0,20,8.0,touch
20260612,NVT,20260617,TRIGGERED,4,0.0,-7.76,-11.17,-12.37,-8.0,5,-2.38,-4.5,1,1,0,20,8.0,touch
20260612,STX,20260612,TRIGGERED,1,9.68,0.59,-6.47,-19.72,-8.0,8,-3.17,-4.93,0,1,0,20,8.0,touch
20260612,WULF,20260612,TRIGGERED,1,3.37,4.12,-10.64,-29.92,-8.0,7,-2.47,-3.61,0,1,0,20,8.0,touch
20260615,ALKS,20260617,TRIGGERED,2,0.0,17.61,21.5,17.36,17.36,20,0.57,-3.66,0,0,0,20,8.0,touch
20260615,CMC,20260622,TRIGGERED,1,0.0,-8.63,-21.54,-14.61,-8.0,4,-1.98,-2.11,1,1,0,20,8.0,touch
20260615,FLS,20260615,TRIGGERED,1,0.0,-9.09,-9.51,-13.34,-8.0,5,-2.03,-2.53,1,1,0,20,8.0,touch
20260615,JBL,20260701,TRIGGERED,1,0.57,-4.13,-3.22,-20.82,-8.0,7,-2.59,-3.09,1,1,0,20,8.0,touch
20260615,MUFG,20260615,TRIGGERED,1,1.35,-2.51,-0.25,8.91,8.91,20,0.31,-3.17,1,0,0,20,8.0,touch
20260615,NTRS,20260615,TRIGGERED,1,1.0,-0.03,0.93,8.36,8.36,20,0.31,-3.17,1,0,0,20,8.0,touch
20260615,RIO,20260616,FADED,,,,,-3.04,,,,,,,0,20,8.0,touch
20260615,STLD,20260617,BROKE_DOWN,,,,,-8.19,,,,,,,0,20,8.0,touch
20260616,AVT,20260701,TRIGGERED,3,0.0,-5.7,-12.32,-3.31,-8.0,5,-0.46,-1.88,1,1,0,20,8.0,touch
20260616,BCS,20260617,TRIGGERED,1,6.21,1.68,3.43,3.61,3.61,20,0.57,-3.66,0,0,0,20,8.0,touch
20260616,CORZ,20260630,TRIGGERED,1,0.0,-6.13,-26.23,-27.92,-8.0,6,-1.36,-2.11,1,1,0,20,8.0,touch
20260616,CVS,20260804,TRIGGERED,3,0.0,0.96,1.69,7.81,7.81,20,0.52,-3.93,1,0,0,20,8.0,touch
20260616,DOCN,20260623,TRIGGERED,1,0.0,-19.83,-28.22,-34.41,-8.0,2,0.72,2.25,1,1,0,20,8.0,touch
20260616,RVMD,20260617,TRIGGERED,2,0.0,11.24,16.07,10.21,10.21,20,-0.62,-5.91,0,0,0,20,8.0,touch
20260617,AMX,20260617,FADED,,,,,0.04,,,,,,,0,20,8.0,touch
20260617,BIIB,20260624,TRIGGERED,5,0.0,5.67,-2.63,-1.14,-8.0,13,2.79,0.19,0,1,0,20,8.0,touch
20260617,DAL,20260622,TRIGGERED,1,0.0,9.84,8.78,0.56,0.56,20,-0.62,-5.91,0,0,0,20,8.0,touch
20260617,FDX,20260623,FADED,,,,,-2.43,,,,,,,0,20,8.0,touch
20260617,FLS,20260622,TRIGGERED,1,2.36,-9.24,-6.55,-16.52,-8.0,3,-1.81,-3.95,1,1,0,20,8.0,touch
20260617,GTX,20260629,TRIGGERED,1,0.0,1.44,-4.1,-9.45,-8.0,9,-0.26,-3.68,1,1,0,20,8.0,touch
20260617,LSCC,20260624,TRIGGERED,2,0.91,-5.91,-16.28,-12.93,-8.0,1,-1.45,-3.29,1,1,0,20,8.0,touch
20260617,LTH,20260617,TRIGGERED,1,0.17,17.41,17.75,21.7,21.7,20,-0.62,-5.91,0,0,0,20,8.0,touch
20260617,MGA,20260630,FADED,,,,,-2.8,,,,,,,0,20,8.0,touch
20260617,RPRX,20260624,FADED,,,,,1.84,,,,,,,0,20,8.0,touch
20260617,TRGP,20260630,FADED,,,,,-1.12,,,,,,,0,20,8.0,touch
20260617,WBS,20260617,TRIGGERED,1,2.27,0.01,2.66,-0.32,-0.32,20,-0.62,-5.91,0,0,0,20,8.0,touch
20260617,WULF,20260623,TRIGGERED,1,8.64,-11.08,-23.55,-35.08,-8.0,2,-1.76,-3.54,1,1,0,20,8.0,touch
20260622,AMD,20260622,FADED,,,,,-5.76,,,,,,,0,20,8.0,touch
20260622,BUD,20260623,TRIGGERED,2,0.0,-4.42,-5.5,-4.14,-4.14,20,0.67,-2.63,1,0,0,20,8.0,touch
20260622,CMBT,20260622,FADED,,,,,4.52,,,,,,,0,20,8.0,touch
20260622,COHR,20260622,BROKE_DOWN,,,,,-10.4,,,,,,,0,20,8.0,touch
20260622,FCX,20260622,FADED,,,,,-6.95,,,,,,,0,20,8.0,touch
20260622,FTNT,20260622,FADED,,,,,1.8,,,,,,,0,20,8.0,touch
20260622,ILMN,20260626,TRIGGERED,2,0.0,7.58,13.36,15.17,15.17,20,0.67,-2.63,0,0,0,20,8.0,touch
20260622,MOD,20260622,FADED,,,,,-6.13,,,,,,,0,20,8.0,touch
20260622,ST,20260622,FADED,,,,,-5.59,,,,,,,0,20,8.0,touch
20260622,TRP,20260626,FADED,,,,,0.1,,,,,,,0,20,8.0,touch
20260623,ARWR,20260624,TRIGGERED,1,0.0,-1.9,2.44,5.83,-8.0,12,2.17,0.16,1,1,0,20,8.0,touch
20260623,CAT,20260624,TRIGGERED,1,2.5,1.0,-4.4,-8.7,-8.0,14,2.94,1.0,0,1,0,20,8.0,touch
20260623,EBAY,20260624,FADED,,,,,-0.89,,,,,,,0,20,8.0,touch
20260623,EIX,20260630,FADED,,,,,0.77,,,,,,,0,20,8.0,touch
20260623,ELV,20260623,FADED,,,,,-2.81,,,,,,,0,20,8.0,touch
20260623,LTH,20260626,TRIGGERED,1,8.98,5.37,9.66,10.34,10.34,20,0.67,-2.63,0,0,0,20,8.0,touch
20260623,MRK,20260624,TRIGGERED,2,0.0,5.94,1.01,7.17,7.17,20,0.63,-4.49,0,0,0,20,8.0,touch
20260623,OUT,20260720,TRIGGERED,9,0.0,-1.28,-4.71,-4.76,-4.76,20,3.16,2.03,1,0,0,20,8.0,touch
20260623,VTRS,20260805,TRIGGERED,7,0.0,-2.28,3.84,5.47,5.47,20,0.3,-3.45,1,0,0,20,8.0,touch
20260624,BNY,20260630,TRIGGERED,1,0.0,-0.85,2.73,7.46,7.46,20,0.63,-4.49,1,0,0,20,8.0,touch
20260624,FTNT,20260630,TRIGGERED,1,0.0,4.4,5.24,1.8,1.8,20,0.63,-4.49,0,0,0,20,8.0,touch
20260624,LLY,20260624,FADED,,,,,0.93,,,,,,,0,20,8.0,touch
20260624,STT,20260701,FADED,,,,,1.58,,,,,,,0,20,8.0,touch
20260624,WSC,20260630,TRIGGERED,1,1.24,-9.29,-10.72,-9.83,-8.0,5,1.43,-0.53,1,1,0,20,8.0,touch
20260626,ABEV,20260629,FADED,,,,,-2.79,,,,,,,0,20,8.0,touch
20260626,BCS,20260702,TRIGGERED,3,0.0,-0.22,3.41,1.47,1.47,20,-0.55,-5.74,1,0,0,20,8.0,touch
20260626,HST,20260805,TRIGGERED,16,0.0,5.25,3.22,-5.29,-5.29,20,2.56,1.2,1,0,0,20,8.0,touch
20260626,MPC,20260707,TRIGGERED,4,0.0,6.19,16.99,18.43,18.43,20,0.3,-3.45,1,0,0,20,8.0,touch
20260626,RAL,20260629,TRIGGERED,2,0.6,-6.18,-7.02,-7.79,-8.0,4,0.13,-3.66,1,1,0,20,8.0,touch
20260626,SIRI,20260630,TRIGGERED,3,0.0,2.75,4.52,3.68,3.68,20,-0.55,-5.74,0,0,0,20,8.0,touch
20260626,SNDR,20260727,TRIGGERED,13,0.0,-2.35,-11.69,,,,,,1,,0,20,8.0,touch
20260626,VLO,20260626,TRIGGERED,1,0.0,1.43,14.85,13.88,13.88,20,-0.02,-6.71,1,0,0,20,8.0,touch
20260629,AMD,20260629,TRIGGERED,1,0.0,-6.2,-4.08,-22.13,-8.0,2,-0.27,-3.23,1,1,0,20,8.0,touch
20260629,CAT,20260629,TRIGGERED,1,2.03,-9.27,-12.51,-24.96,-8.0,2,-0.27,-3.23,1,1,0,20,8.0,touch
20260629,COHR,20260630,FADED,,,,,-5.77,,,,,,,0,20,8.0,touch
20260629,EBAY,20260715,FADED,,,,,0.1,,,,,,,0,20,8.0,touch
20260629,FDX,20260629,FADED,,,,,-3.77,,,,,,,0,20,8.0,touch
20260629,KNX,20260629,FADED,,,,,-0.4,,,,,,,0,20,8.0,touch
20260629,LSCC,20260701,FADED,,,,,-6.98,,,,,,,0,20,8.0,touch
20260629,TSM,20260629,TRIGGERED,1,0.0,-6.56,-10.3,-19.89,-8.0,2,-0.27,-3.23,1,1,0,20,8.0,touch
20260630,CARR,20260630,FADED,,,,,-1.75,,,,,,,0,20,8.0,touch
20260630,CROX,20260729,TRIGGERED,4,0.0,2.66,5.88,10.5,-8.0,17,-0.81,-3.65,1,1,0,20,8.0,touch
20260630,GE,20260630,TRIGGERED,1,0.22,-4.14,-7.7,-5.21,-8.0,10,0.67,-2.65,1,1,0,20,8.0,touch
20260630,JCI,20260630,TRIGGERED,1,0.0,-5.18,-4.69,-2.92,-8.0,3,0.26,-2.17,1,1,0,20,8.0,touch
20260630,MNST,20260731,TRIGGERED,1,0.0,-1.12,2.36,0.01,0.01,20,-0.55,-5.74,1,0,0,20,8.0,touch
20260630,MTSI,20260630,FADED,,,,,-7.82,,,,,,,0,20,8.0,touch
20260630,NTRS,20260702,TRIGGERED,1,0.0,3.74,6.96,3.55,3.55,20,-0.55,-5.74,0,0,0,20,8.0,touch
20260630,PWR,20260630,FADED,,,,,-3.96,,,,,,,0,20,8.0,touch
20260701,CHRW,20260713,TRIGGERED,8,0.0,5.12,-15.0,-27.17,-8.0,9,-1.69,-5.22,1,1,0,20,8.0,touch
20260701,ELV,20260714,TRIGGERED,1,0.0,-1.53,-11.73,-11.09,-8.0,8,1.35,0.72,1,1,0,20,8.0,touch
20260701,EXEL,20260701,TRIGGERED,1,0.0,3.16,2.1,-3.18,-3.18,20,0.3,-3.45,0,0,0,20,8.0,touch
20260701,FROG,20260701,TRIGGERED,1,0.91,-1.06,-3.46,-13.0,-8.0,10,-0.2,-2.42,1,1,0,20,8.0,touch
20260701,LINE,20260702,FADED,,,,,-0.23,,,,,,,0,20,8.0,touch
20260701,LLY,20260717,TRIGGERED,1,0.0,-3.36,-4.13,-6.59,-8.0,20,0.3,-3.45,1,1,0,20,8.0,touch
20260701,MFG,20260707,TRIGGERED,2,0.0,1.84,-4.47,-0.39,-0.39,20,0.85,-3.15,1,0,0,20,8.0,touch
20260701,MUFG,20260706,TRIGGERED,2,0.0,4.08,1.57,6.69,6.69,20,0.85,-3.15,1,0,0,20,8.0,touch
20260701,RAL,20260701,FADED,,,,,-4.62,,,,,,,0,20,8.0,touch
20260701,RVTY,20260701,TRIGGERED,1,0.0,-1.15,-2.98,-0.89,-8.0,12,0.47,-0.51,1,1,0,20,8.0,touch
20260701,VIK,20260702,FADED,,,,,-1.42,,,,,,,0,20,8.0,touch
20260702,BTSG,20260702,TRIGGERED,1,0.0,-0.3,0.93,-13.44,-8.0,19,-0.57,-4.82,1,1,0,20,8.0,touch
20260702,DAL,20260708,TRIGGERED,1,0.0,-7.98,-9.74,-2.21,-8.0,2,-0.78,-1.57,1,1,0,20,8.0,touch
20260702,DOC,20260805,TRIGGERED,1,0.0,-1.18,1.83,-1.14,-1.14,20,0.85,-3.15,1,0,0,20,8.0,touch
20260702,EIX,20260715,TRIGGERED,2,0.0,1.0,3.1,-6.77,-6.77,20,3.16,2.03,1,0,0,20,8.0,touch
20260702,FTNT,20260702,TRIGGERED,1,0.0,1.03,0.87,2.66,-8.0,16,-1.39,-6.55,1,1,0,20,8.0,touch
20260702,IMVT,20260707,TRIGGERED,1,0.0,-0.39,2.75,-0.88,-0.88,20,0.85,-3.15,1,0,0,20,8.0,touch
20260702,LUV,20260706,FADED,,,,,-1.63,,,,,,,0,20,8.0,touch
20260702,NBIX,20260716,TRIGGERED,1,2.95,-0.52,-1.15,-5.02,-5.02,20,0.85,-3.15,0,0,0,20,8.0,touch
20260702,TD,20260714,TRIGGERED,7,0.09,-0.84,-0.94,-0.15,-0.15,20,2.49,-0.17,1,0,0,20,8.0,touch
20260706,AMD,20260707,FADED,,,,,-6.27,,,,,,,0,20,8.0,touch
20260706,ATI,20260706,FADED,,,,,-4.58,,,,,,,0,20,8.0,touch
20260706,EXEL,20260706,TRIGGERED,1,2.54,-0.69,-0.07,-0.28,-0.28,20,3.16,2.03,0,0,0,20,8.0,touch
20260706,LTH,20260706,TRIGGERED,1,0.0,0.65,2.37,8.31,8.31,20,3.16,2.03,0,0,0,20,8.0,touch
20260706,MGA,20260707,FADED,,,,,-4.13,,,,,,,0,20,8.0,touch
20260706,SWK,20260706,FADED,,,,,-3.45,,,,,,,0,20,8.0,touch
20260707,BCS,20260707,FADED,,,,,-2.26,,,,,,,0,20,8.0,touch
20260707,C,20260707,FADED,,,,,-2.4,,,,,,,0,20,8.0,touch
20260707,GE,20260708,FADED,,,,,-2.16,,,,,,,0,20,8.0,touch
20260707,IBKR,20260716,TRIGGERED,3,0.0,-6.5,-5.25,-9.29,-8.0,5,-1.54,-4.16,1,1,0,20,8.0,touch
20260707,LINE,20260707,FADED,,,,,-1.61,,,,,,,0,20,8.0,touch
20260707,MGM,20260722,FADED,,,,,-3.54,,,,,,,0,20,8.0,touch
20260707,PAA,20260708,FADED,,,,,0.66,,,,,,,0,20,8.0,touch
20260708,APH,20260714,FADED,,,,,-0.75,,,,,,,0,20,8.0,touch
20260708,ASML,20260708,FADED,,,,,2.01,,,,,,,0,20,8.0,touch
20260708,ATI,20260715,FADED,,,,,-0.05,,,,,,,0,20,8.0,touch
20260708,FTNT,20260811,TRIGGERED,1,0.0,-0.97,-6.66,-1.38,-8.0,13,-1.44,-6.61,1,1,0,20,8.0,touch
20260708,HR,20260714,TRIGGERED,1,0.1,2.75,2.03,-2.51,-2.51,20,2.24,-1.19,1,0,0,20,8.0,touch
20260708,HXL,20260713,TRIGGERED,4,0.0,7.09,8.43,-0.78,-0.78,20,2.49,-0.17,0,0,0,20,8.0,touch
20260708,RY,20260708,FADED,,,,,1.36,,,,,,,0,20,8.0,touch
20260708,SN,20260804,TRIGGERED,2,0.0,1.48,-2.41,21.84,21.84,20,2.43,-0.34,1,0,0,20,8.0,touch
20260708,VIK,20260708,FADED,,,,,3.31,,,,,,,0,20,8.0,touch
20260710,AMD,20260715,BROKE_DOWN,,,,,-10.21,,,,,,,0,20,8.0,touch
20260710,BRKR,20260803,TRIGGERED,9,0.0,2.7,-18.16,,,,,,1,,0,20,8.0,touch
20260710,C,20260713,FADED,,,,,-5.34,,,,,,,0,20,8.0,touch
20260710,HSBC,20260715,TRIGGERED,2,0.23,1.81,4.41,3.92,3.92,20,2.49,-0.17,1,0,0,20,8.0,touch
20260710,HWM,20260722,TRIGGERED,9,0.0,-2.15,2.24,,,,,,1,,0,20,8.0,touch
20260710,ILMN,20260717,FADED,,,,,-2.9,,,,,,,0,20,8.0,touch
20260710,MS,20260714,TRIGGERED,2,0.0,-5.23,-7.34,-5.29,-8.0,3,-1.14,-3.38,1,1,0,20,8.0,touch
20260710,NTRS,20260713,TRIGGERED,1,0.76,0.01,-0.13,2.79,2.79,20,3.18,1.28,0,0,0,20,8.0,touch
20260710,PFG,20260716,TRIGGERED,1,0.4,-1.12,-1.8,0.42,0.42,20,3.18,1.28,1,0,0,20,8.0,touch
20260710,SIRI,20260807,TRIGGERED,1,0.0,-0.49,1.53,-6.41,-6.41,20,3.18,1.28,1,0,0,20,8.0,touch
20260710,TKR,20260728,FADED,,,,,-3.71,,,,,,,0,20,8.0,touch
20260710,VLY,20260714,TRIGGERED,3,0.0,-2.35,-3.97,0.4,0.4,20,2.34,0.83,1,0,0,20,8.0,touch
20260713,ANET,20260714,FADED,,,,,-5.1,,,,,,,0,20,8.0,touch
20260713,BCS,20260727,FADED,,,,,-1.14,,,,,,,0,20,8.0,touch
20260713,ING,20260731,TRIGGERED,13,1.69,3.51,4.53,,,,,,0,,0,20,8.0,touch
20260713,ROKU,20260804,TRIGGERED,3,0.0,-1.39,1.0,7.25,7.25,20,3.62,3.7,1,0,0,20,8.0,touch
20260713,UNH,20260803,TRIGGERED,1,0.66,1.24,-0.51,-6.68,-6.68,20,2.49,-0.17,1,0,0,20,8.0,touch
20260714,BBVA,20260730,TRIGGERED,6,0.27,-2.1,7.1,,,,,,1,,0,20,8.0,touch
20260714,CM,20260714,TRIGGERED,1,2.83,-1.35,-2.61,1.3,1.3,20,2.34,0.83,0,0,0,20,8.0,touch
20260714,CX,20260717,FADED,,,,,-2.42,,,,,,,0,20,8.0,touch
20260714,DELL,20260714,BROKE_DOWN,,,,,-9.8,,,,,,,0,20,8.0,touch
20260714,KNX,20260722,FADED,,,,,-3.84,,,,,,,0,20,8.0,touch
20260714,LAUR,20260714,TRIGGERED,1,0.0,-10.83,-5.07,-7.61,-8.0,1,-0.54,-1.64,1,1,0,20,8.0,touch
20260714,LUV,20260722,FADED,,,,,-5.99,,,,,,,0,20,8.0,touch
20260714,MFC,20260714,TRIGGERED,1,0.96,2.75,4.85,4.51,4.51,20,2.34,0.83,0,0,0,20,8.0,touch
20260714,MGA,20260716,FADED,,,,,2.9,,,,,,,0,20,8.0,touch
20260714,SAN,20260722,FADED,,,,,-3.08,,,,,,,0,20,8.0,touch
20260715,CRWD,20260720,TRIGGERED,1,3.91,-11.46,-10.6,8.86,-8.0,3,-0.33,0.43,1,1,0,20,8.0,touch
20260715,EXEL,20260716,FADED,,,,,0.67,,,,,,,0,20,8.0,touch
20260715,VIK,20260817,TRIGGERED,8,0.0,1.45,-1.1,,,,,,1,,0,20,8.0,touch
20260715,VOYA,20260715,TRIGGERED,1,0.0,-2.19,1.32,2.59,2.59,20,3.62,3.7,1,0,0,20,8.0,touch
20260715,VSXY,20260806,TRIGGERED,4,0.08,0.84,0.72,-5.24,-8.0,3,-1.25,-3.49,1,1,0,20,8.0,touch
20260716,AM,20260716,FADED,,,,,-1.14,,,,,,,0,20,8.0,touch
20260716,BTSG,20260730,TRIGGERED,2,0.0,0.56,-15.53,-15.65,-8.0,9,0.67,-1.16,1,1,0,20,8.0,touch
20260716,JHX,20260716,FADED,,,,,-4.23,,,,,,,0,20,8.0,touch
20260716,ODFL,20260717,FADED,,,,,-2.27,,,,,,,0,20,8.0,touch
20260716,OKE,20260720,FADED,,,,,-1.26,,,,,,,0,20,8.0,touch
20260716,PAA,20260722,TRIGGERED,3,0.0,-0.54,-2.48,0.17,0.17,20,2.56,1.2,1,0,0,20,8.0,touch
20260716,XPO,20260724,FADED,,,,,-5.06,,,,,,,0,20,8.0,touch
20260717,AMX,20260720,FADED,,,,,-0.69,,,,,,,0,20,8.0,touch
20260717,BROS,20260717,FADED,,,,,-3.09,,,,,,,0,20,8.0,touch
20260717,EBAY,20260720,FADED,,,,,0.88,,,,,,,0,20,8.0,touch
20260717,GKOS,20260724,TRIGGERED,1,0.0,-3.14,8.95,17.41,17.41,20,4.12,4.86,1,0,0,20,8.0,touch
20260717,LQDA,20260721,TRIGGERED,1,0.0,3.65,2.95,-4.6,-8.0,18,4.82,5.17,1,1,0,20,8.0,touch
20260717,MO,20260720,TRIGGERED,1,0.0,-1.57,-7.82,-13.63,-8.0,8,-0.05,-1.8,1,1,0,20,8.0,touch
20260717,PAGP,20260722,TRIGGERED,4,0.51,0.34,-2.7,,,,,,1,,0,20,8.0,touch
20260717,RAL,20260730,FADED,,,,,-6.84,,,,,,,0,20,8.0,touch
20260717,SWK,20260717,FADED,,,,,-2.96,,,,,,,0,20,8.0,touch
20260717,WSM,20260717,FADED,,,,,-2.22,,,,,,,0,20,8.0,touch
20260720,AEG,20260720,TRIGGERED,1,0.0,1.1,3.3,3.63,3.63,20,2.56,1.2,1,0,0,20,8.0,touch
20260720,ALKS,20260730,FADED,,,,,-5.28,,,,,,,0,20,8.0,touch
20260720,AM,20260720,FADED,,,,,-0.4,,,,,,,0,20,8.0,touch
20260720,ATI,20260728,TRIGGERED,4,0.0,-8.16,11.64,,,,,,1,,0,20,8.0,touch
20260720,CUZ,20260803,TRIGGERED,1,1.5,-0.25,-2.77,,,,,,1,,0,20,8.0,touch
20260720,EIX,20260720,TRIGGERED,1,0.77,3.26,-8.52,-4.63,-8.0,10,3.08,2.1,0,1,0,20,8.0,touch
20260720,EOG,20260722,TRIGGERED,1,0.0,-2.51,0.2,3.81,3.81,20,2.56,1.2,1,0,0,20,8.0,touch
20260720,EPD,20260720,FADED,,,,,-0.57,,,,,,,0,20,8.0,touch
20260720,IBKR,20260728,FADED,,,,,-5.91,,,,,,,0,20,8.0,touch
20260720,IVZ,20260720,FADED,,,,,1.48,,,,,,,0,20,8.0,touch
20260720,MGA,20260803,TRIGGERED,2,0.0,0.68,4.55,,,,,,1,,0,20,8.0,touch
20260720,NTRS,20260721,FADED,,,,,-2.25,,,,,,,0,20,8.0,touch
20260720,OSCR,20260805,BROKE_DOWN,,,,,-10.34,,,,,,,0,20,8.0,touch
20260720,PFG,20260720,FADED,,,,,-2.22,,,,,,,0,20,8.0,touch
20260720,VLY,20260721,FADED,,,,,-1.02,,,,,,,0,20,8.0,touch
20260721,AMD,20260723,FADED,,,,,-4.13,,,,,,,0,20,8.0,touch
20260721,AVT,20260727,FADED,,,,,-4.04,,,,,,,0,20,8.0,touch
20260721,DDOG,20260805,TRIGGERED,8,0.0,-15.7,-7.94,,,,,,1,,0,20,8.0,touch
20260721,EXEL,20260730,FADED,,,,,-5.51,,,,,,,0,20,8.0,touch
20260721,FITB,20260806,FADED,,,,,-0.99,,,,,,,0,20,8.0,touch
20260721,HR,20260731,TRIGGERED,1,0.0,1.19,-5.4,,,,,,1,,0,20,8.0,touch
20260721,ILMN,20260806,TRIGGERED,1,0.0,0.25,2.85,,,,,,1,,0,20,8.0,touch
20260721,LLY,20260731,FADED,,,,,-4.6,,,,,,,0,20,8.0,touch
20260721,LTH,20260727,TRIGGERED,4,0.82,2.27,-1.69,,,,,,0,,0,20,8.0,touch
20260721,MAC,20260805,TRIGGERED,4,0.77,-0.96,-6.85,,,,,,1,,0,20,8.0,touch
20260721,MET,20260721,FADED,,,,,-0.11,,,,,,,0,20,8.0,touch
20260721,MS,20260723,FADED,,,,,-0.89,,,,,,,0,20,8.0,touch
20260721,ODFL,20260721,FADED,,,,,-0.85,,,,,,,0,20,8.0,touch
20260721,SCCO,20260722,FADED,,,,,-3.08,,,,,,,0,20,8.0,touch
20260722,AM,20260723,FADED,,,,,-0.44,,,,,,,0,20,8.0,touch
20260722,FDX,20260722,FADED,,,,,-1.68,,,,,,,0,20,8.0,touch
20260722,GGAL,20260722,FADED,,,,,-5.8,,,,,,,0,20,8.0,touch
20260722,HPE,20260727,FADED,,,,,-5.28,,,,,,,0,20,8.0,touch
20260722,HUM,20260730,BROKE_DOWN,,,,,-8.49,,,,,,,0,20,8.0,touch
20260722,IVZ,20260727,FADED,,,,,-3.51,,,,,,,0,20,8.0,touch
20260722,NTAP,20260723,FADED,,,,,0.72,,,,,,,0,20,8.0,touch
20260722,PNC,20260722,FADED,,,,,-1.29,,,,,,,0,20,8.0,touch
20260722,ROIV,20260728,FADED,,,,,-5.84,,,,,,,0,20,8.0,touch
20260722,RYCEY,20260722,FADED,,,,,-4.01,,,,,,,0,20,8.0,touch
20260722,SWK,20260722,FADED,,,,,-2.06,,,,,,,0,20,8.0,touch
20260723,ANET,20260723,FADED,,,,,-1.48,,,,,,,0,20,8.0,touch
20260723,CRWD,20260728,FADED,,,,,-2.2,,,,,,,0,20,8.0,touch
20260723,DELL,20260724,FADED,,,,,-2.83,,,,,,,0,20,8.0,touch
20260723,GE,20260807,TRIGGERED,8,0.0,-2.8,-0.95,,,,,,1,,0,20,8.0,touch
20260723,LYG,20260728,FADED,,,,,-2.0,,,,,,,0,20,8.0,touch
20260723,OKE,20260723,FADED,,,,,-0.08,,,,,,,0,20,8.0,touch
20260723,PBR-A,20260723,TRIGGERED,1,0.0,1.6,-4.86,,,,,,1,,0,20,8.0,touch
20260723,SON,20260723,TRIGGERED,1,0.0,-2.76,0.1,,,,,,1,,0,20,8.0,touch
20260723,TGTX,20260731,BROKE_DOWN,,,,,-16.81,,,,,,,0,20,8.0,touch
20260723,TRP,20260723,TRIGGERED,1,0.0,-4.04,-10.02,,,,,,1,,0,20,8.0,touch
20260723,USB,20260723,FADED,,,,,1.01,,,,,,,0,20,8.0,touch
20260724,EAT,20260728,TRIGGERED,1,0.0,15.53,16.68,,,,,,0,,0,20,8.0,touch
20260724,INCY,20260727,TRIGGERED,1,0.0,-0.08,2.56,,,,,,1,,0,20,8.0,touch
20260724,MGM,20260729,FADED,,,,,0.26,,,,,,,0,20,8.0,touch
20260724,ODFL,20260724,FADED,,,,,-2.67,,,,,,,0,20,8.0,touch
20260724,PAA,20260728,FADED,,,,,1.18,,,,,,,0,20,8.0,touch
20260724,PANW,20260807,TRIGGERED,7,0.0,7.0,4.31,,,,,,0,,0,20,8.0,touch
20260724,PNC,20260806,TRIGGERED,1,0.0,-0.58,-0.56,,,,,,1,,0,20,8.0,touch
20260724,RYCEY,20260724,FADED,,,,,-0.16,,,,,,,0,20,8.0,touch
20260724,SAN,20260730,FADED,,,,,4.14,,,,,,,0,20,8.0,touch
20260724,SWK,20260729,TRIGGERED,1,0.0,4.24,9.05,,,,,,1,,0,20,8.0,touch
20260727,BNY,20260728,FADED,,,,,-3.34,,,,,,,0,20,8.0,touch
20260727,CYTK,20260727,FADED,,,,,-1.45,,,,,,,0,20,8.0,touch
20260727,EBAY,20260729,FADED,,,,,0.27,,,,,,,0,20,8.0,touch
20260727,EBC,20260727,TRIGGERED,1,0.0,-0.3,-0.47,,,,,,1,,0,20,8.0,touch
20260727,ELAN,20260728,TRIGGERED,2,0.0,0.15,-14.02,,,,,,1,,0,20,8.0,touch
20260727,HSBC,20260729,TRIGGERED,3,1.83,-3.59,-2.19,,,,,,1,,0,20,8.0,touch
20260727,JBHT,20260727,FADED,,,,,-1.19,,,,,,,0,20,8.0,touch
20260727,LQDA,20260811,TRIGGERED,6,0.0,-1.1,-16.51,,,,,,1,,0,20,8.0,touch
20260727,M,20260803,TRIGGERED,5,0.0,-4.08,-10.55,,,,,,1,,0,20,8.0,touch
20260727,MAR,20260727,FADED,,,,,0.12,,,,,,,0,20,8.0,touch
20260727,MPC,20260727,FADED,,,,,-2.02,,,,,,,0,20,8.0,touch
20260727,MS,20260727,FADED,,,,,-1.39,,,,,,,0,20,8.0,touch
20260727,NTAP,20260804,TRIGGERED,1,0.0,9.11,13.7,,,,,,1,,0,20,8.0,touch
20260727,NWG,20260727,FADED,,,,,-3.0,,,,,,,0,20,8.0,touch
20260727,OUT,20260729,FADED,,,,,-0.99,,,,,,,0,20,8.0,touch
20260727,PAGP,20260728,FADED,,,,,2.18,,,,,,,0,20,8.0,touch
20260727,RPRX,20260727,TRIGGERED,1,0.0,-3.0,-2.48,,,,,,1,,0,20,8.0,touch
20260727,TIGO,20260805,TRIGGERED,8,0.9,-5.64,,,,,,,1,,0,20,8.0,touch
20260727,VLO,20260727,FADED,,,,,-1.98,,,,,,,0,20,8.0,touch
20260727,WSM,20260730,TRIGGERED,1,0.0,3.97,4.69,,,,,,1,,0,20,8.0,touch
20260728,CTVA,20260728,TRIGGERED,1,0.06,-11.9,-15.13,,,,,,1,,0,20,8.0,touch
20260728,DAL,20260817,TRIGGERED,5,0.0,-3.23,-8.27,,,,,,1,,0,20,8.0,touch
20260728,F,20260730,TRIGGERED,1,2.69,-9.25,-10.21,,,,,,1,,0,20,8.0,touch
20260728,MT,20260728,FADED,,,,,-2.38,,,,,,,0,20,8.0,touch
20260728,NET,20260811,TRIGGERED,2,0.0,0.95,17.42,,,,,,1,,0,20,8.0,touch
20260728,NTRA,20260728,FADED,,,,,0.63,,,,,,,0,20,8.0,touch
20260728,PRM,20260730,BROKE_DOWN,,,,,-12.32,,,,,,,0,20,8.0,touch
20260728,SGHC,20260730,FADED,,,,,-6.67,,,,,,,0,20,8.0,touch
20260728,ZION,20260728,FADED,,,,,-0.86,,,,,,,0,20,8.0,touch
20260729,AEG,20260729,TRIGGERED,1,1.53,1.5,0.64,,,,,,0,,0,20,8.0,touch
20260729,BUD,20260805,TRIGGERED,1,0.0,-1.32,-5.71,,,,,,1,,0,20,8.0,touch
20260729,DLTR,20260806,TRIGGERED,1,0.0,0.96,0.84,,,,,,1,,0,20,8.0,touch
20260729,EBC,20260729,FADED,,,,,0.3,,,,,,,0,20,8.0,touch
20260729,EOG,20260729,FADED,,,,,-0.29,,,,,,,0,20,8.0,touch
20260729,LYV,20260729,FADED,,,,,-0.47,,,,,,,0,20,8.0,touch
20260729,MO,20260729,BROKE_DOWN,,,,,-9.32,,,,,,,0,20,8.0,touch
20260729,MPC,20260729,FADED,,,,,1.74,,,,,,,0,20,8.0,touch
20260729,YOU,20260729,FADED,,,,,-3.92,,,,,,,0,20,8.0,touch
20260729,ZETA,20260729,FADED,,,,,-3.22,,,,,,,0,20,8.0,touch
20260730,ABBV,20260730,FADED,,,,,-2.51,,,,,,,0,20,8.0,touch
20260730,AXTA,20260730,TRIGGERED,1,2.62,6.0,0.22,,,,,,0,,0,20,8.0,touch
20260730,BCS,20260817,TRIGGERED,10,0.04,,,,,,,,,,0,20,8.0,touch
20260730,BHP,20260730,FADED,,,,,-1.64,,,,,,,0,20,8.0,touch
20260730,CRWD,20260807,TRIGGERED,3,0.0,5.3,1.04,,,,,,1,,0,20,8.0,touch
20260730,CTVA,20260730,BROKE_DOWN,,,,,-11.9,,,,,,,0,20,8.0,touch
20260730,CYTK,20260730,FADED,,,,,-4.09,,,,,,,0,20,8.0,touch
20260730,FRO,20260804,FADED,,,,,-2.89,,,,,,,0,20,8.0,touch
20260730,IBKR,20260730,FADED,,,,,-2.75,,,,,,,0,20,8.0,touch
20260730,LYG,20260803,TRIGGERED,3,0.26,-1.39,-2.04,,,,,,1,,0,20,8.0,touch
20260730,MT,20260803,TRIGGERED,2,0.0,3.14,3.0,,,,,,0,,0,20,8.0,touch
20260730,NMR,20260811,TRIGGERED,4,0.0,-1.29,,,,,,,1,,0,20,8.0,touch
20260730,NTRA,20260806,TRIGGERED,6,13.07,-2.09,,,,,,,0,,0,20,8.0,touch
20260730,ROIV,20260731,FADED,,,,,-3.48,,,,,,,0,20,8.0,touch
20260730,RPRX,20260803,FADED,,,,,-2.61,,,,,,,0,20,8.0,touch
20260730,RVTY,20260803,TRIGGERED,1,0.26,0.59,2.5,,,,,,1,,0,20,8.0,touch
20260730,SPG,20260803,FADED,,,,,-1.97,,,,,,,0,20,8.0,touch
20260730,TKR,20260803,FADED,,,,,-3.0,,,,,,,0,20,8.0,touch
20260730,VLO,20260811,TRIGGERED,1,0.0,-5.24,8.54,,,,,,1,,0,20,8.0,touch
20260731,ALL,20260811,TRIGGERED,4,0.0,-5.07,,,,,,,1,,0,20,8.0,touch
20260731,ATI,20260805,TRIGGERED,3,0.03,12.87,,,,,,,0,,0,20,8.0,touch
20260731,AUB,20260803,FADED,,,,,2.26,,,,,,,0,20,8.0,touch
20260731,AVT,20260804,TRIGGERED,2,0.0,3.26,0.51,,,,,,0,,0,20,8.0,touch
20260731,BNY,20260804,FADED,,,,,1.54,,,,,,,0,20,8.0,touch
20260731,CROX,20260817,TRIGGERED,2,0.0,-5.18,-7.38,,,,,,1,,0,20,8.0,touch
20260731,EBAY,20260731,FADED,,,,,-6.03,,,,,,,0,20,8.0,touch
20260731,HPE,20260804,TRIGGERED,1,0.0,10.33,16.24,,,,,,0,,0,20,8.0,touch
20260731,IVZ,20260731,TRIGGERED,1,0.0,3.37,6.79,,,,,,0,,0,20,8.0,touch
20260731,MFC,20260805,TRIGGERED,1,0.0,-1.1,-0.92,,,,,,1,,0,20,8.0,touch
20260731,NTRS,20260807,FADED,,,,,3.11,,,,,,,0,20,8.0,touch
20260731,TWST,20260804,TRIGGERED,2,3.6,17.48,,,,,,,0,,0,20,8.0,touch
20260731,WBS,20260803,FADED,,,,,0.95,,,,,,,0,20,8.0,touch
20260731,ZION,20260805,FADED,,,,,1.26,,,,,,,0,20,8.0,touch
20260803,APGE,20260804,TRIGGERED,1,0.0,0.19,,,,,,,1,,0,20,8.0,touch
20260803,APH,20260807,TRIGGERED,3,0.0,-5.99,,,,,,,1,,0,20,8.0,touch
20260803,AXTA,20260803,TRIGGERED,1,3.1,2.03,,,,,,,0,,0,20,8.0,touch
20260803,CNC,20260811,FADED,,,,,5.19,,,,,,,0,20,8.0,touch
20260803,CNI,20260807,FADED,,,,,-0.53,,,,,,,0,20,8.0,touch
20260803,COMP,20260811,TRIGGERED,2,0.0,2.77,,,,,,,1,,0,20,8.0,touch
20260803,CZR,20260810,FADED,,,,,0.03,,,,,,,0,20,8.0,touch
20260803,ELAN,20260805,TRIGGERED,2,2.34,-16.88,,,,,,,1,,0,20,8.0,touch
20260803,EXEL,20260805,FADED,,,,,-5.19,,,,,,,0,20,8.0,touch
20260803,HSIC,20260803,TRIGGERED,1,3.09,-1.99,-1.93,,,,,,1,,0,20,8.0,touch
20260803,HUM,20260803,FADED,,,,,-3.3,,,,,,,0,20,8.0,touch
20260803,JHX,20260803,TRIGGERED,1,3.34,11.56,5.13,,,,,,0,,0,20,8.0,touch
20260803,MTB,20260803,TRIGGERED,1,0.0,-0.74,-1.0,,,,,,1,,0,20,8.0,touch
20260803,PAGP,20260803,FADED,,,,,-2.12,,,,,,,0,20,8.0,touch
20260803,UAL,20260804,FADED,,,,,3.4,,,,,,,0,20,8.0,touch
20260803,ZETA,20260803,TRIGGERED,1,2.86,25.62,21.65,,,,,,0,,0,20,8.0,touch
20260804,ALKS,20260805,FADED,,,,,-2.62,,,,,,,0,20,8.0,touch
20260804,ANET,20260804,TRIGGERED,1,10.33,0.15,,,,,,,1,,0,20,8.0,touch
20260804,BHP,20260810,FADED,,,,,2.93,,,,,,,0,20,8.0,touch
20260804,CSCO,20260811,TRIGGERED,1,2.16,-0.1,,,,,,,1,,0,20,8.0,touch
20260804,GKOS,20260806,TRIGGERED,1,0.67,10.14,,,,,,,0,,0,20,8.0,touch
20260804,LUV,20260807,FADED,,,,,-7.8,,,,,,,0,20,8.0,touch
20260804,MNST,20260806,FADED,,,,,-4.06,,,,,,,0,20,8.0,touch
20260804,MPC,20260804,FADED,,,,,-4.75,,,,,,,0,20,8.0,touch
20260804,MS,20260805,FADED,,,,,-1.52,,,,,,,0,20,8.0,touch
20260804,RRX,20260804,BROKE_DOWN,,,,,-16.72,,,,,,,0,20,8.0,touch
20260804,SCCO,20260807,FADED,,,,,2.54,,,,,,,0,20,8.0,touch
20260805,LAUR,20260805,FADED,,,,,-1.94,,,,,,,0,20,8.0,touch
20260805,LYG,20260805,FADED,,,,,-0.96,,,,,,,0,20,8.0,touch
20260805,M,20260811,FADED,,,,,-6.74,,,,,,,0,20,8.0,touch
20260805,SNDR,20260805,FADED,,,,,-3.59,,,,,,,0,20,8.0,touch
20260805,SPG,20260805,FADED,,,,,-1.33,,,,,,,0,20,8.0,touch
20260805,TXRH,20260806,TRIGGERED,1,0.0,-1.74,,,,,,,1,,0,20,8.0,touch
20260805,UNH,20260805,FADED,,,,,-2.13,,,,,,,0,20,8.0,touch
20260806,AXTA,20260811,TRIGGERED,1,4.47,-4.72,,,,,,,1,,0,20,8.0,touch
20260806,BBIO,20260811,FADED,,,,,1.26,,,,,,,0,20,8.0,touch
20260806,CYTK,20260806,FADED,,,,,-5.67,,,,,,,0,20,8.0,touch
20260806,DFTX,20260810,TRIGGERED,1,0.0,-12.01,,,,,,,1,,0,20,8.0,touch
20260806,FRO,20260817,TRIGGERED,8,0.0,,,,,,,,,,0,20,8.0,touch
20260806,JHX,20260806,TRIGGERED,1,8.17,3.71,,,,,,,0,,0,20,8.0,touch
20260806,MPC,20260810,TRIGGERED,2,0.0,12.02,,,,,,,0,,0,20,8.0,touch
20260806,PSX,20260810,TRIGGERED,2,0.0,14.71,,,,,,,0,,0,20,8.0,touch
20260807,BWA,20260807,TRIGGERED,1,0.76,1.39,,,,,,,1,,0,20,8.0,touch
20260807,COGT,20260810,BROKE_DOWN,,,,,-8.7,,,,,,,0,20,8.0,touch
20260807,EXEL,20260807,FADED,,,,,-2.05,,,,,,,0,20,8.0,touch
20260807,IRDM,20260807,FADED,,,,,-1.22,,,,,,,0,20,8.0,touch
20260807,LAUR,20260807,FADED,,,,,-2.82,,,,,,,0,20,8.0,touch
20260807,MS,20260807,FADED,,,,,-0.46,,,,,,,0,20,8.0,touch
20260807,NTAP,20260807,TRIGGERED,1,0.86,5.73,,,,,,,0,,0,20,8.0,touch
20260807,RAL,20260817,FADED,,,,,3.02,,,,,,,0,20,8.0,touch
20260807,TRV,20260811,FADED,,,,,-3.68,,,,,,,0,20,8.0,touch
20260810,ALKS,20260810,FADED,,,,,-0.38,,,,,,,0,20,8.0,touch
20260810,BBVA,20260810,TRIGGERED,1,1.09,0.42,,,,,,,0,,0,20,8.0,touch
20260810,FDX,20260811,FADED,,,,,0.52,,,,,,,0,20,8.0,touch
20260810,GGB,20260810,FADED,,,,,-5.44,,,,,,,0,20,8.0,touch
20260810,GKOS,20260810,FADED,,,,,,,,,,,,0,20,8.0,touch
20260810,HUM,20260810,FADED,,,,,-3.34,,,,,,,0,20,8.0,touch
20260810,MFC,20260810,FADED,,,,,-0.75,,,,,,,0,20,8.0,touch
20260810,MNST,20260810,BROKE_DOWN,,,,,-49.61,,,,,,,0,20,8.0,touch
20260810,NOV,20260810,FADED,,,,,1.55,,,,,,,0,20,8.0,touch
20260810,OXY,20260811,FADED,,,,,-0.17,,,,,,,0,20,8.0,touch
20260810,SN,20260810,FADED,,,,,,,,,,,,0,20,8.0,touch
20260810,YPF,20260810,FADED,,,,,-3.51,,,,,,,0,20,8.0,touch
20260811,AVT,20260811,TRIGGERED,1,0.78,,,,,,,,,,0,20,8.0,touch
20260811,CNI,20260811,FADED,,,,,0.03,,,,,,,0,20,8.0,touch
20260811,DLTR,20260817,TRIGGERED,2,0.0,,,,,,,,,,0,20,8.0,touch
20260811,MRK,20260811,TRIGGERED,1,0.0,,,,,,,,,,0,20,8.0,touch
20260811,VSXY,20260811,TRIGGERED,1,1.55,,,,,,,,,,0,20,8.0,touch
20260817,C,20260817,FADED,,,,,-0.62,,,,,,,0,20,8.0,touch
20260817,CMBT,20260817,TRIGGERED,1,3.88,,,,,,,,,,0,20,8.0,touch
20260817,IBKR,20260817,FADED,,,,,-4.0,,,,,,,0,20,8.0,touch
20260817,JNJ,20260817,TRIGGERED,1,0.16,,,,,,,,,,0,20,8.0,touch
20260817,LYG,20260817,FADED,,,,,-1.46,,,,,,,0,20,8.0,touch
20260817,RVTY,20260817,FADED,,,,,-2.08,,,,,,,0,20,8.0,touch
20260817,TRGP,20260817,TRIGGERED,1,3.22,,,,,,,,,,0,20,8.0,touch
20260817,VIRT,20260817,FADED,,,,,2.61,,,,,,,0,20,8.0,touch
20260817,XPO,20260817,FADED,,,,,-3.92,,,,,,,0,20,8.0,touch
20260817,YPF,20260817,FADED,,,,,-3.83,,,,,,,0,20,8.0,touch
