run_id,ticker,outcome,days_to_resolve,result_pct
20260514,ALB,EXPIRED,5,-10.74
20260514,BG,EXPIRED,5,-2.8
20260514,CCJ,EXPIRED,5,-5.07
20260514,CIG,EXPIRED,5,-2.51
20260514,DOV,EXPIRED,5,-3.45
20260514,EA,WON,1,0.1
20260514,ENTG,EXPIRED,5,-6.8
20260514,FORM,EXPIRED,5,-0.09
20260514,MCHP,EXPIRED,5,-5.86
20260514,MFC,EXPIRED,5,3.43
20260514,POR,WON,3,0.37
20260514,RTO,EXPIRED,5,-2.17
20260514,SAN,WON,4,1.6
20260514,SQM,EXPIRED,5,-8.39
20260514,USAR,EXPIRED,5,-0.53
20260514,WEC,WON,4,1.07
20260514,ZM,EXPIRED,5,-2.65
20260514,ZTO,EXPIRED,5,-3.34
20260523,ALKS,WON,1,0.49
20260523,AMX,LOST,4,-5.7
20260523,CE,WON,3,2.33
20260523,DE,EXPIRED,5,2.24
20260523,GLNG,EXPIRED,5,-3.38
20260523,GOOG,WON,1,1.52
20260523,GOOGL,WON,1,1.53
20260523,IBKR,WON,1,2.9
20260523,IBRX,WON,1,7.34
20260523,LBRT,EXPIRED,5,-8.02
20260523,LTH,WON,1,2.34
20260523,LYB,EXPIRED,5,-3.7
20260523,NE,LOST,2,-8.17
20260523,PRM,WON,2,4.95
20260523,SBUX,LOST,5,-6.11
20260523,TAK,LOST,5,-4.25
20260523,TSN,WON,2,1.74
20260523,TTE,LOST,2,-4.83
20260523,VNOM,EXPIRED,5,-2.73
20260523,WMT,EXPIRED,5,-4.71
20260526,AMX,LOST,2,-5.39
20260526,AR,WON,3,4.22
20260526,BGC,EXPIRED,5,-5.84
20260526,BP,EXPIRED,5,2.42
20260526,CE,WON,1,1.07
20260526,CF,EXPIRED,5,-2.15
20260526,CGON,EXPIRED,5,-12.07
20260526,CHRD,EXPIRED,5,2.0
20260526,CNQ,EXPIRED,5,0.76
20260526,COP,EXPIRED,5,2.13
20260526,COST,LOST,3,-6.05
20260526,CVE,EXPIRED,5,1.37
20260526,CVS,WON,1,2.45
20260526,CVX,WON,5,3.49
20260526,DE,WON,2,2.36
20260526,DOW,EXPIRED,5,0.34
20260526,DVN,EXPIRED,5,1.58
20260526,EPD,EXPIRED,5,-1.07
20260526,ET,EXPIRED,5,-0.26
20260526,FANG,WON,4,3.41
20260526,GLNG,EXPIRED,5,-0.27
20260526,HAL,EXPIRED,5,-0.12
20260526,LNG,WON,5,3.04
20260526,LYB,EXPIRED,5,-2.48
20260526,MGY,EXPIRED,5,-0.67
20260526,MTDR,EXPIRED,5,5.13
20260526,MUR,WON,5,5.02
20260526,NE,LOST,2,-8.76
20260526,NTR,EXPIRED,5,-2.5
20260526,OVV,WON,5,4.3
20260526,OXY,WON,3,2.56
20260526,PBR-A,EXPIRED,5,-5.8
20260526,PM,EXPIRED,5,-3.88
20260526,PR,EXPIRED,5,1.93
20260526,RIG,EXPIRED,5,-4.63
20260526,RRC,EXPIRED,5,-0.84
20260526,SBUX,EXPIRED,5,-5.45
20260526,SGHC,EXPIRED,5,-1.98
20260526,SU,EXPIRED,5,-0.69
20260526,TTE,EXPIRED,5,-0.51
20260526,VAL,EXPIRED,5,-4.43
20260526,VNOM,EXPIRED,5,2.83
20260526,WDS,WON,4,3.82
20260526,WMT,EXPIRED,5,-1.42
20260526,XOM,EXPIRED,5,1.82
20260530,AAOI,WON,1,9.38
20260530,ADC,LOST,4,-3.59
20260530,AEE,EXPIRED,5,0.5
20260530,AEP,WON,3,2.08
20260530,AFL,WON,3,2.22
20260530,AHR,EXPIRED,5,-3.35
20260530,ALL,WON,2,2.06
20260530,AM,EXPIRED,5,1.61
20260530,AMX,EXPIRED,5,-3.29
20260530,APA,WON,1,2.06
20260530,APD,WON,5,2.44
20260530,AROC,EXPIRED,5,2.12
20260530,AXTI,WON,2,19.24
20260530,BAYRY,LOST,2,-6.16
20260530,BGC,WON,5,2.2
20260530,BTI,LOST,4,-6.57
20260530,BWXT,EXPIRED,5,-5.07
20260530,CAH,WON,4,1.38
20260530,CB,WON,5,2.77
20260530,CF,WON,3,4.33
20260530,CHRD,WON,1,3.33
20260530,CIG,EXPIRED,5,-4.81
20260530,CM,EXPIRED,5,-0.57
20260530,CMBT,EXPIRED,5,-4.46
20260530,CMS,LOST,4,-3.9
20260530,CNQ,WON,1,2.42
20260530,COHR,WON,2,3.88
20260530,COP,WON,1,1.97
20260530,COST,EXPIRED,5,1.46
20260530,CVE,WON,2,3.55
20260530,DOC,WON,5,2.66
20260530,DUK,WON,5,1.44
20260530,ENB,WON,2,2.85
20260530,EOG,WON,1,1.92
20260530,EPD,WON,3,3.45
20260530,EQNR,WON,1,3.14
20260530,ES,WON,3,1.57
20260530,ETR,WON,3,1.71
20260530,EVRG,WON,5,1.68
20260530,GEV,EXPIRED,5,-3.63
20260530,GGB,WON,2,3.56
20260530,GLPI,LOST,3,-3.45
20260530,GSK,WON,4,1.4
20260530,HAL,WON,3,3.14
20260530,HAS,EXPIRED,5,-2.31
20260530,HESM,WON,3,3.71
20260530,HR,EXPIRED,5,-1.36
20260530,IEP,WON,2,0.94
20260530,INTC,EXPIRED,5,-13.52
20260530,JNJ,WON,5,2.13
20260530,KGS,EXPIRED,5,-2.6
20260530,KMI,EXPIRED,5,1.93
20260530,LIN,WON,3,2.08
20260530,LITE,WON,1,4.7
20260530,LNT,WON,5,1.98
20260530,MO,WON,5,3.46
20260530,MPLX,WON,3,2.03
20260530,MUFG,WON,2,1.82
20260530,NE,EXPIRED,5,-2.3
20260530,NEE,EXPIRED,5,-1.34
20260530,NGG,EXPIRED,5,0.4
20260530,NI,EXPIRED,5,0.84
20260530,NNN,WON,4,0.76
20260530,OGE,LOST,1,-3.79
20260530,OHI,LOST,3,-4.62
20260530,OKE,WON,4,5.71
20260530,OUT,EXPIRED,5,-3.23
20260530,PAA,WON,3,3.34
20260530,PBA,WON,2,2.77
20260530,PBR,EXPIRED,5,-5.43
20260530,PBR-A,EXPIRED,5,-5.49
20260530,PLD,LOST,2,-3.89
20260530,PM,EXPIRED,5,-0.31
20260530,PNW,WON,5,2.1
20260530,PR,WON,1,1.87
20260530,PSO,WON,1,1.69
20260530,REG,EXPIRED,5,-0.46
20260530,RTO,EXPIRED,5,-1.36
20260530,SBRA,LOST,2,-4.47
20260530,SBS,EXPIRED,5,-3.08
20260530,SBUX,EXPIRED,5,-3.9
20260530,SGHC,WON,1,3.69
20260530,SLB,WON,2,3.19
20260530,SMFG,WON,2,2.23
20260530,SO,WON,5,1.46
20260530,SU,WON,2,3.45
20260530,TGTX,WON,3,2.56
20260530,TRGP,WON,3,4.09
20260530,TRP,WON,4,2.94
20260530,TRV,WON,5,2.6
20260530,TSEM,WON,2,8.18
20260530,TSN,LOST,3,-7.29
20260530,TXNM,WON,2,0.32
20260530,UGP,EXPIRED,5,-6.76
20260530,VTR,LOST,2,-5.66
20260530,WELL,EXPIRED,5,0.78
20260530,WES,WON,4,3.9
20260530,WFRD,EXPIRED,5,-6.24
20260530,WMB,EXPIRED,5,0.06
20260530,WMT,WON,4,2.3
20260530,XOM,WON,1,2.55
20260530,ZTO,WON,1,1.76
20260602,AMGN,WON,1,1.55
20260602,AMZN,LOST,5,-6.63
20260602,ARWR,EXPIRED,5,-0.13
20260602,BGC,WON,1,1.06
20260602,BIIB,WON,1,2.78
20260602,BMY,WON,2,3.2
20260602,BTI,EXPIRED,5,-0.3
20260602,CAH,WON,1,1.24
20260602,CGON,EXPIRED,5,-1.1
20260602,CL,EXPIRED,5,1.32
20260602,COGT,EXPIRED,5,-4.21
20260602,CTRE,LOST,3,-5.81
20260602,CVS,WON,1,1.93
20260602,CYTK,EXPIRED,5,-5.42
20260602,EXEL,WON,1,3.34
20260602,FER,EXPIRED,5,-3.08
20260602,GLPI,WON,5,1.47
20260602,GOOG,EXPIRED,5,-1.41
20260602,GOOGL,EXPIRED,5,-1.51
20260602,GSK,WON,1,2.71
20260602,HWM,WON,2,2.3
20260602,IBRX,EXPIRED,5,-3.46
20260602,ICL,LOST,2,-8.37
20260602,IFF,WON,4,3.39
20260602,IMVT,WON,1,6.08
20260602,INTC,EXPIRED,5,-0.82
20260602,JNJ,WON,1,1.74
20260602,KO,WON,2,1.54
20260602,LIN,WON,1,0.86
20260602,LNTH,WON,1,2.07
20260602,LQDA,WON,1,8.8
20260602,MRNA,WON,1,2.56
20260602,NVS,WON,1,3.41
20260602,OHI,WON,5,3.41
20260602,OUT,EXPIRED,5,-3.53
20260602,PFE,EXPIRED,5,-1.53
20260602,PRM,WON,4,3.32
20260602,QSR,EXPIRED,5,1.35
20260602,REG,WON,3,1.8
20260602,RHHBY,WON,1,4.37
20260602,ROIV,WON,1,3.93
20260602,RTO,WON,4,2.97
20260602,SBUX,WON,5,3.46
20260602,SRRK,EXPIRED,5,-1.32
20260602,TGT,WON,1,2.44
20260602,TGTX,WON,1,3.71
20260602,TSN,EXPIRED,5,-5.81
20260602,VTR,WON,5,4.85
20260602,WELL,WON,2,4.68
20260605,ABEV,WON,4,2.57
20260605,ALB,LOST,2,-10.46
20260605,APLD,EXPIRED,5,-4.5
20260605,BCE,EXPIRED,5,0.82
20260605,BTI,WON,3,3.61
20260605,BUD,WON,2,2.04
20260605,CGON,WON,5,7.39
20260605,COGT,EXPIRED,5,2.6
20260605,CTRE,EXPIRED,5,-4.04
20260605,EMN,EXPIRED,5,2.71
20260605,FRO,WON,2,1.17
20260605,GLPI,WON,2,1.41
20260605,GOOG,EXPIRED,5,0.7
20260605,HON,WON,4,5.73
20260605,IBRX,WON,2,2.79
20260605,ICL,LOST,1,-7.19
20260605,KO,WON,1,1.97
20260605,LINE,WON,2,4.35
20260605,LUMN,LOST,2,-16.36
20260605,LYV,WON,3,3.32
20260605,OHI,WON,2,2.89
20260605,OUT,WON,1,1.79
20260605,PBR,WON,4,2.05
20260605,PBR-A,EXPIRED,5,0.99
20260605,PRM,WON,2,5.26
20260605,RKLB,EXPIRED,5,-10.73
20260605,ROKU,WON,5,4.68
20260605,SBUX,WON,2,2.23
20260605,SIRI,WON,2,3.06
20260605,SQM,WON,5,4.62
20260605,SRRK,WON,3,5.67
20260605,VIK,WON,2,2.54
20260605,VTR,WON,1,2.25
20260605,VZ,WON,4,4.72
20260608,AAPL,EXPIRED,5,-0.76
20260608,ABEV,WON,2,2.28
20260608,AKAM,EXPIRED,5,-6.74
20260608,ALB,WON,3,8.26
20260608,APD,WON,1,1.42
20260608,ARMK,WON,1,1.19
20260608,ASTS,EXPIRED,5,-10.66
20260608,AUR,EXPIRED,5,-1.92
20260608,BE,WON,4,10.32
20260608,BVN,WON,2,8.1
20260608,CF,EXPIRED,5,-3.53
20260608,CIEN,EXPIRED,5,-7.79
20260608,CMC,WON,1,2.57
20260608,CRWD,LOST,1,-14.7
20260608,CTVA,WON,4,1.69
20260608,CX,WON,2,5.32
20260608,CYTK,WON,3,4.06
20260608,DAR,EXPIRED,5,-5.45
20260608,EMN,WON,3,2.54
20260608,FTAI,WON,2,4.79
20260608,HON,WON,1,4.05
20260608,IFF,WON,1,0.73
20260608,ING,WON,3,3.68
20260608,LYB,WON,1,2.34
20260608,LYV,WON,1,1.87
20260608,MT,WON,3,3.9
20260608,NXT,EXPIRED,5,-0.02
20260608,PANW,WON,2,4.78
20260608,PBR,WON,1,1.8
20260608,PLUG,EXPIRED,5,-15.05
20260608,SCCO,WON,3,9.75
20260608,SQM,WON,2,5.91
20260608,SSRM,WON,4,6.35
20260608,TXNM,LOST,2,-1.5
20260608,UGP,WON,2,2.94
20260608,USAR,EXPIRED,5,-2.12
20260608,VALE,WON,4,5.2
20260608,VIST,WON,2,2.27
20260608,VRT,WON,4,5.86
20260608,XENE,WON,1,2.21
20260608,ZTO,WON,1,1.45
20260609,AAON,WON,5,5.82
20260609,AAPL,EXPIRED,5,1.86
20260609,AKAM,EXPIRED,5,-7.22
20260609,ARM,WON,2,12.01
20260609,ASTS,WON,1,10.34
20260609,AUR,EXPIRED,5,-1.79
20260609,AXTI,WON,2,20.18
20260609,BB,WON,3,8.71
20260609,CF,EXPIRED,5,-2.51
20260609,CIEN,EXPIRED,5,-0.6
20260609,CRWD,LOST,1,-15.74
20260609,CTVA,WON,3,2.16
20260609,DAR,LOST,5,-7.54
20260609,DDOG,WON,3,4.43
20260609,ENPH,EXPIRED,5,-10.71
20260609,ERIC,EXPIRED,5,-3.96
20260609,ET,EXPIRED,5,-1.63
20260609,FLEX,WON,3,4.8
20260609,FTNT,WON,1,4.38
20260609,GEV,WON,2,2.38
20260609,LUMN,EXPIRED,5,-4.37
20260609,LUNR,WON,1,12.16
20260609,LYB,WON,1,2.47
20260609,MT,WON,1,3.68
20260609,MTZ,WON,2,3.27
20260609,MXL,WON,2,15.25
20260609,NET,EXPIRED,5,-3.92
20260609,NOK,EXPIRED,5,-0.14
20260609,NOKBF,EXPIRED,5,2.54
20260609,NTR,EXPIRED,5,-3.99
20260609,NVTS,EXPIRED,5,-2.23
20260609,NXT,EXPIRED,5,3.39
20260609,PANW,WON,1,4.3
20260609,PBF,WON,1,4.34
20260609,PL,EXPIRED,5,-9.46
20260609,PLUG,EXPIRED,5,-8.93
20260609,PSX,WON,1,2.16
20260609,QCOM,WON,3,10.1
20260609,RRC,EXPIRED,5,-4.66
20260609,RYCEY,WON,1,1.39
20260609,SSRM,WON,3,6.84
20260609,TWLO,EXPIRED,5,-8.1
20260609,TXNM,LOST,4,-1.64
20260609,USAR,WON,5,15.45
20260609,VIST,WON,1,4.32
20260609,VRT,WON,3,6.79
20260609,VSAT,WON,1,6.08
20260609,ZM,EXPIRED,5,-9.75
20260609,ZTO,WON,1,1.6
20260610,AA,EXPIRED,5,-9.43
20260610,AAON,WON,1,8.82
20260610,ABNB,WON,1,2.58
20260610,AKAM,EXPIRED,5,-3.89
20260610,ALM,WON,1,10.72
20260610,AMZN,WON,2,3.13
20260610,ARM,WON,1,11.57
20260610,ASTS,WON,1,7.42
20260610,AUR,WON,2,4.46
20260610,AVGO,WON,2,5.64
20260610,AVT,WON,1,1.72
20260610,BB,WON,1,5.9
20260610,BCS,WON,1,2.75
20260610,CAT,WON,1,5.85
20260610,CIEN,WON,2,8.8
20260610,CTVA,WON,1,2.01
20260610,CX,WON,1,3.98
20260610,DD,WON,1,3.68
20260610,DELL,WON,1,6.47
20260610,EBAY,WON,1,1.87
20260610,ENPH,EXPIRED,5,3.38
20260610,ERIC,WON,1,6.72
20260610,ET,EXPIRED,5,-1.52
20260610,ETN,WON,1,6.26
20260610,F,WON,1,4.2
20260610,FDX,WON,1,2.76
20260610,FLEX,WON,1,7.38
20260610,GEV,WON,1,6.52
20260610,GGB,WON,1,1.55
20260610,HBM,WON,1,7.09
20260610,HPE,WON,1,8.38
20260610,HSBC,WON,1,4.56
20260610,INGM,WON,1,3.59
20260610,KEYS,WON,1,2.47
20260610,LOGI,EXPIRED,5,-1.37
20260610,LUMN,EXPIRED,5,-0.73
20260610,LUNR,WON,1,10.63
20260610,MGA,WON,1,3.41
20260610,MOD,WON,2,7.63
20260610,MT,WON,1,5.36
20260610,MTZ,WON,1,6.62
20260610,MXL,WON,1,10.9
20260610,NET,EXPIRED,5,2.0
20260610,NOK,WON,1,8.73
20260610,NVT,WON,1,4.75
20260610,NVTS,WON,2,20.59
20260610,NXPI,WON,1,5.22
20260610,NXT,WON,1,14.11
20260610,PL,WON,1,10.94
20260610,PNFP,WON,1,2.57
20260610,PWR,WON,1,6.03
20260610,QCOM,WON,1,12.23
20260610,QRVO,WON,1,4.23
20260610,ROKU,WON,1,4.2
20260610,RYCEY,WON,1,1.33
20260610,ST,WON,1,6.04
20260610,TECK,WON,1,4.44
20260610,UMC,WON,1,5.03
20260610,UPS,WON,1,4.13
20260610,USAR,WON,1,11.17
20260610,VRT,WON,1,6.45
20260610,VSAT,WON,1,7.66
20260610,YOU,EXPIRED,5,-1.0
20260610,ZM,EXPIRED,5,-8.09
20260611,AUR,WON,1,3.02
20260611,AVB,LOST,4,-4.27
20260611,DAR,LOST,4,-7.6
20260611,ET,WON,1,1.92
20260611,FROG,WON,2,4.42
20260611,NOKBF,WON,1,8.01
20260611,RYCEY,WON,1,1.39
20260611,TTE,LOST,1,-5.0
20260611,VNOM,EXPIRED,5,-0.32
20260611,YOU,WON,2,4.0
20260611,ZM,EXPIRED,5,-8.64
20260612,DAR,LOST,4,-7.51
20260612,FROG,WON,2,3.81
20260612,SSL,LOST,1,-8.77
20260612,YOU,WON,2,3.92
20260615,BCE,LOST,3,-5.03
20260615,BP,LOST,5,-7.0
20260615,CENX,EXPIRED,5,-18.42
20260615,CNQ,LOST,2,-7.68
20260615,CVE,EXPIRED,5,-8.93
20260615,DAR,LOST,5,-7.63
20260615,EOG,EXPIRED,5,1.12
20260615,EPD,EXPIRED,5,-1.12
20260615,EQNR,EXPIRED,5,-7.76
20260615,HAL,LOST,2,-8.46
20260615,HESM,EXPIRED,5,-0.48
20260615,MRK,WON,4,3.29
20260615,PAA,EXPIRED,5,-2.14
20260615,PBR-A,LOST,2,-5.64
20260615,SHEL,LOST,2,-5.27
20260615,SLB,LOST,2,-9.18
20260615,SM,EXPIRED,5,-6.95
20260615,SSL,EXPIRED,5,-7.81
20260615,SU,LOST,2,-8.26
20260615,TTE,LOST,5,-5.83
20260615,TWLO,EXPIRED,5,-6.76
20260615,VIST,EXPIRED,5,-6.08
20260615,XOM,EXPIRED,5,-2.85
20260616,AA,LOST,4,-17.18
20260616,APA,EXPIRED,5,-3.13
20260616,BCE,LOST,2,-4.83
20260616,BG,LOST,4,-8.83
20260616,BKR,LOST,4,-7.88
20260616,BP,LOST,4,-6.66
20260616,CENX,EXPIRED,5,-14.17
20260616,CNQ,LOST,4,-7.76
20260616,CVE,EXPIRED,5,-5.98
20260616,CZR,WON,3,0.51
20260616,DAR,EXPIRED,5,-3.81
20260616,EPD,WON,3,1.7
20260616,EQNR,LOST,5,-8.78
20260616,FANG,EXPIRED,5,-2.96
20260616,FTI,EXPIRED,5,0.04
20260616,GLNG,WON,2,2.18
20260616,HAL,LOST,4,-8.09
20260616,HESM,EXPIRED,5,1.91
20260616,IBRX,WON,1,4.61
20260616,LINE,EXPIRED,5,-1.69
20260616,LNG,EXPIRED,5,1.84
20260616,MUR,EXPIRED,5,-0.87
20260616,NBIX,WON,1,2.19
20260616,NE,LOST,4,-8.87
20260616,NOV,LOST,4,-9.42
20260616,PAA,EXPIRED,5,-0.87
20260616,PBA,EXPIRED,5,0.06
20260616,PBR,EXPIRED,5,-3.11
20260616,PBR-A,EXPIRED,5,-1.72
20260616,PSX,EXPIRED,5,-0.14
20260616,RIG,LOST,5,-10.55
20260616,RMBS,WON,1,6.42
20260616,SHEL,LOST,1,-5.05
20260616,SLB,LOST,1,-8.99
20260616,SM,EXPIRED,5,-5.49
20260616,SSL,EXPIRED,5,-7.64
20260616,SU,EXPIRED,5,-6.53
20260616,TTE,LOST,4,-5.33
20260616,TWLO,EXPIRED,5,-0.93
20260616,UGP,WON,1,2.77
20260616,YPF,LOST,4,-10.6
20260617,AA,EXPIRED,5,-12.36
20260617,ADM,EXPIRED,5,0.38
20260617,AES,WON,2,0.34
20260617,AKAM,EXPIRED,5,-11.4
20260617,APA,EXPIRED,5,-3.39
20260617,AVB,WON,4,2.46
20260617,BB,WON,1,3.51
20260617,BG,EXPIRED,5,-4.82
20260617,BKR,EXPIRED,5,-5.84
20260617,BP,LOST,4,-6.95
20260617,BRX,WON,5,3.07
20260617,BWA,WON,1,3.77
20260617,BYD,WON,1,2.92
20260617,CI,EXPIRED,5,-0.81
20260617,CMC,EXPIRED,5,-5.8
20260617,CNC,WON,1,3.61
20260617,CNI,WON,3,2.91
20260617,CNQ,EXPIRED,5,-6.91
20260617,CP,EXPIRED,5,2.48
20260617,CPT,WON,5,3.27
20260617,CSCO,WON,1,2.28
20260617,CSX,WON,4,3.05
20260617,CUBE,EXPIRED,5,1.55
20260617,CVE,EXPIRED,5,-3.09
20260617,CVX,EXPIRED,5,-3.67
20260617,CZR,WON,2,0.65
20260617,DAR,EXPIRED,5,-2.4
20260617,DECK,EXPIRED,5,-1.1
20260617,DINO,WON,4,3.44
20260617,DOC,WON,2,4.02
20260617,DOW,LOST,3,-10.4
20260617,EIX,WON,2,1.66
20260617,ELV,WON,2,1.93
20260617,ENB,WON,4,2.46
20260617,ENPH,WON,1,8.81
20260617,EQNR,LOST,4,-8.68
20260617,EQR,WON,4,2.49
20260617,ERIC,EXPIRED,5,-3.78
20260617,EXR,WON,1,2.08
20260617,F,WON,1,4.15
20260617,FANG,EXPIRED,5,-3.0
20260617,FTI,EXPIRED,5,-3.84
20260617,GLNG,WON,1,1.9
20260617,GLPI,EXPIRED,5,1.37
20260617,HAL,EXPIRED,5,-5.58
20260617,HR,WON,2,2.15
20260617,INCY,WON,1,4.48
20260617,KIM,WON,3,3.39
20260617,KNX,EXPIRED,5,4.93
20260617,KRG,WON,4,2.09
20260617,LLY,WON,3,1.76
20260617,LOGI,EXPIRED,5,-8.09
20260617,LUMN,WON,4,3.83
20260617,MAC,WON,2,6.04
20260617,MPC,WON,5,3.87
20260617,MTDR,EXPIRED,5,-0.99
20260617,MUR,EXPIRED,5,-1.84
20260617,NE,LOST,4,-9.13
20260617,NOV,EXPIRED,5,-3.32
20260617,NSC,WON,4,2.89
20260617,NTAP,WON,1,3.35
20260617,O,WON,3,2.2
20260617,ODFL,EXPIRED,5,0.2
20260617,OXY,EXPIRED,5,-5.75
20260617,OZK,WON,4,3.76
20260617,PAA,EXPIRED,5,1.25
20260617,PBA,EXPIRED,5,2.16
20260617,PBR,EXPIRED,5,-2.98
20260617,PBR-A,EXPIRED,5,-2.26
20260617,PLD,WON,2,3.35
20260617,PSA,WON,1,2.27
20260617,PSX,EXPIRED,5,2.68
20260617,REG,WON,3,2.3
20260617,RIG,LOST,4,-10.57
20260617,RMBS,WON,1,7.13
20260617,RPRX,WON,2,1.43
20260617,SFD,EXPIRED,5,0.36
20260617,SHEL,EXPIRED,5,-4.79
20260617,SKM,EXPIRED,5,-11.06
20260617,SLB,EXPIRED,5,-6.62
20260617,SM,EXPIRED,5,-6.23
20260617,SNDR,EXPIRED,5,2.69
20260617,SSL,EXPIRED,5,-9.96
20260617,SU,EXPIRED,5,-4.23
20260617,TEVA,WON,3,3.41
20260617,TJX,WON,1,1.69
20260617,TRP,WON,4,1.47
20260617,TS,EXPIRED,5,-5.21
20260617,TTE,LOST,5,-5.57
20260617,TWLO,EXPIRED,5,1.84
20260617,UDR,WON,4,2.87
20260617,UNP,WON,4,3.38
20260617,VLO,WON,4,3.88
20260617,VOD,LOST,3,-4.96
20260617,WBD,WON,1,1.75
20260617,WFRD,LOST,4,-11.31
20260617,WMT,WON,3,1.84
20260617,XPO,EXPIRED,5,-0.16
20260617,YPF,LOST,3,-10.25
20260617,ZM,EXPIRED,5,-1.04
20260622,AA,EXPIRED,5,-10.64
20260622,AKAM,EXPIRED,5,-2.1
20260622,ALB,LOST,3,-14.05
20260622,AMX,EXPIRED,5,-1.52
20260622,BG,EXPIRED,5,-4.21
20260622,BHP,EXPIRED,5,-2.88
20260622,BTI,WON,1,1.78
20260622,CE,EXPIRED,5,-7.56
20260622,CENX,EXPIRED,5,-7.11
20260622,CHD,WON,1,3.16
20260622,CL,WON,1,1.49
20260622,CPT,WON,1,1.52
20260622,DAR,WON,5,2.22
20260622,DDOG,WON,3,2.56
20260622,DOW,LOST,5,-10.75
20260622,EBAY,WON,1,2.83
20260622,EXEL,WON,1,1.58
20260622,HLT,WON,1,1.39
20260622,HSIC,WON,1,1.91
20260622,LYB,LOST,5,-10.27
20260622,MAR,EXPIRED,5,-3.54
20260622,MDLZ,WON,1,2.22
20260622,MGM,WON,1,1.76
20260622,NET,WON,1,4.04
20260622,NOV,EXPIRED,5,-0.7
20260622,PM,WON,2,3.59
20260622,QSR,WON,3,3.38
20260622,RHHBY,WON,1,2.58
20260622,RIO,EXPIRED,5,-4.46
20260622,SFD,EXPIRED,5,-1.1
20260622,SKM,EXPIRED,5,-6.51
20260622,SLB,EXPIRED,5,-3.04
20260622,SQM,LOST,4,-10.95
20260622,TWLO,WON,1,3.75
20260622,VOD,LOST,5,-5.45
20260622,VTRS,WON,1,2.54
20260622,VZ,LOST,4,-6.97
20260622,WES,WON,4,1.14
20260622,WFRD,LOST,5,-12.19
20260622,WMT,WON,1,1.44
20260622,YPF,EXPIRED,5,-8.09
20260623,AA,EXPIRED,5,-13.8
20260623,AKAM,EXPIRED,5,-5.89
20260623,ALB,LOST,3,-14.38
20260623,AMX,WON,2,1.82
20260623,BG,EXPIRED,5,-5.39
20260623,BHP,EXPIRED,5,-0.04
20260623,BVN,EXPIRED,5,-5.81
20260623,CAVA,WON,1,9.06
20260623,CENX,EXPIRED,5,-9.09
20260623,CLS,WON,1,6.09
20260623,CROX,WON,2,2.63
20260623,CX,EXPIRED,5,-0.25
20260623,DAR,WON,3,1.8
20260623,DDOG,WON,2,1.8
20260623,DOCN,EXPIRED,5,-8.02
20260623,DOW,LOST,5,-11.05
20260623,EMN,EXPIRED,5,-3.44
20260623,EMR,EXPIRED,5,-2.53
20260623,EXEL,WON,1,0.95
20260623,FCX,EXPIRED,5,-6.24
20260623,HBM,EXPIRED,5,-10.92
20260623,HON,WON,1,2.32
20260623,HUM,WON,1,0.91
20260623,LYB,EXPIRED,5,-8.72
20260623,LYV,WON,1,1.54
20260623,NUE,WON,1,3.5
20260623,QSR,WON,1,2.57
20260623,RHHBY,WON,1,2.63
20260623,RIO,EXPIRED,5,-2.33
20260623,RKLB,WON,4,8.34
20260623,SCCO,EXPIRED,5,-5.47
20260623,SKM,EXPIRED,5,-4.69
20260623,SLB,EXPIRED,5,-5.65
20260623,SQM,EXPIRED,5,-2.98
20260623,STLD,EXPIRED,5,-9.0
20260623,TECK,EXPIRED,5,-0.45
20260623,TROW,WON,1,1.64
20260623,VIST,EXPIRED,5,-6.01
20260623,VOD,LOST,4,-5.41
20260623,WFRD,EXPIRED,5,-10.27
20260623,YPF,EXPIRED,5,-6.41
20260624,AKAM,EXPIRED,5,-5.28
20260624,ALB,EXPIRED,5,-8.31
20260624,ALM,EXPIRED,5,-4.56
20260624,APLD,EXPIRED,5,-21.25
20260624,BG,WON,1,2.76
20260624,BHP,EXPIRED,5,3.23
20260624,BKR,EXPIRED,5,-6.39
20260624,BWA,EXPIRED,5,-6.85
20260624,CDNS,WON,2,2.98
20260624,CHRW,WON,2,3.05
20260624,CNQ,EXPIRED,5,0.66
20260624,CP,WON,1,0.83
20260624,CRWV,EXPIRED,5,-18.97
20260624,CX,WON,1,3.33
20260624,DAR,WON,1,1.08
20260624,DD,EXPIRED,5,1.52
20260624,DOCN,EXPIRED,5,-12.42
20260624,DOW,EXPIRED,5,-5.68
20260624,EC,EXPIRED,5,0.75
20260624,EMR,EXPIRED,5,-1.69
20260624,EQNR,EXPIRED,5,1.39
20260624,F,WON,1,1.08
20260624,FCX,EXPIRED,5,-1.65
20260624,FLS,EXPIRED,5,-0.81
20260624,GGAL,EXPIRED,5,2.59
20260624,GLXY,EXPIRED,5,-13.96
20260624,GOOGL,WON,3,2.69
20260624,HAL,EXPIRED,5,-2.77
20260624,HBM,EXPIRED,5,-1.74
20260624,INGM,EXPIRED,5,-7.17
20260624,IREN,EXPIRED,5,-22.82
20260624,IVZ,EXPIRED,5,4.0
20260624,LYB,EXPIRED,5,-4.92
20260624,MFC,WON,1,1.39
20260624,MT,WON,5,3.12
20260624,MUFG,WON,5,3.63
20260624,NE,EXPIRED,5,-3.01
20260624,NOV,WON,1,2.18
20260624,NVTS,EXPIRED,5,-21.07
20260624,PL,WON,1,6.5
20260624,RIO,EXPIRED,5,0.41
20260624,RKLB,WON,3,16.16
20260624,SCCO,EXPIRED,5,0.1
20260624,SKM,EXPIRED,5,-3.52
20260624,SLB,EXPIRED,5,-3.18
20260624,SM,EXPIRED,5,1.36
20260624,SNDR,WON,1,1.12
20260624,SQM,EXPIRED,5,-3.81
20260624,SSRM,WON,5,6.56
20260624,STLD,EXPIRED,5,-8.71
20260624,TECK,EXPIRED,5,4.0
20260624,TROW,WON,1,1.7
20260624,TTE,EXPIRED,5,-2.54
20260624,VIST,EXPIRED,5,-6.3
20260624,VOD,LOST,4,-5.58
20260624,VSAT,WON,2,2.52
20260624,VSH,EXPIRED,5,-17.4
20260624,WDS,EXPIRED,5,2.52
20260624,XPO,WON,1,1.46
20260624,YPF,EXPIRED,5,-2.67
20260626,AAOI,WON,1,9.05
20260626,AKAM,WON,2,3.5
20260626,APLD,EXPIRED,5,-14.45
20260626,ARM,EXPIRED,5,-3.6
20260626,AVGO,WON,5,4.01
20260626,BE,WON,3,23.42
20260626,BGC,LOST,1,-9.78
20260626,COP,EXPIRED,5,-2.25
20260626,CORZ,LOST,3,-16.69
20260626,CRDO,WON,2,13.41
20260626,CSCO,EXPIRED,5,0.18
20260626,DOCN,WON,2,8.65
20260626,EQNR,WON,4,2.93
20260626,ERIC,EXPIRED,5,-0.64
20260626,FANG,EXPIRED,5,-3.44
20260626,FRO,EXPIRED,5,3.8
20260626,FSLR,EXPIRED,5,-2.51
20260626,GM,EXPIRED,5,-0.32
20260626,GOOG,WON,1,2.59
20260626,GOOGL,WON,1,2.09
20260626,GS,EXPIRED,5,3.5
20260626,HLT,EXPIRED,5,1.97
20260626,HPE,EXPIRED,5,-1.28
20260626,HWM,WON,4,2.17
20260626,IBKR,WON,3,3.83
20260626,INGM,WON,1,1.34
20260626,JBL,WON,1,3.47
20260626,LSCC,WON,1,4.75
20260626,MAR,WON,1,1.29
20260626,MS,WON,5,4.33
20260626,MT,WON,4,3.61
20260626,NBIS,WON,1,9.48
20260626,NE,EXPIRED,5,-2.4
20260626,NTAP,WON,3,2.16
20260626,NVDA,WON,2,3.46
20260626,NXT,WON,2,9.68
20260626,ON,EXPIRED,5,4.46
20260626,OXY,EXPIRED,5,-2.36
20260626,QRVO,EXPIRED,5,-7.19
20260626,RMBS,WON,2,10.08
20260626,ROST,EXPIRED,5,-0.89
20260626,SM,WON,4,1.97
20260626,SQM,WON,3,4.89
20260626,SSL,EXPIRED,5,2.17
20260626,SU,WON,4,2.21
20260626,SWKS,EXPIRED,5,-8.96
20260626,TJX,EXPIRED,5,-2.65
20260626,TSEM,EXPIRED,5,-12.39
20260626,TTE,EXPIRED,5,-0.6
20260626,TTMI,LOST,5,-21.03
20260626,USAR,EXPIRED,5,-5.47
20260626,WDS,WON,2,2.53
20260626,WULF,EXPIRED,5,-14.01
20260626,YPF,WON,1,3.33
20260629,APLD,EXPIRED,5,-16.76
20260629,BGC,EXPIRED,5,1.63
20260629,BWA,EXPIRED,5,-2.55
20260629,CORZ,LOST,2,-18.35
20260629,CWEN,EXPIRED,5,-5.29
20260629,DD,WON,1,1.46
20260629,DRI,EXPIRED,5,-3.02
20260629,DVN,WON,4,1.43
20260629,FRO,WON,5,8.94
20260629,GM,EXPIRED,5,-1.42
20260629,GS,WON,3,3.43
20260629,HLT,WON,2,1.83
20260629,HON,EXPIRED,5,-3.27
20260629,HWM,WON,1,1.41
20260629,IBKR,WON,1,3.78
20260629,INGM,EXPIRED,5,0.33
20260629,MAR,WON,4,1.45
20260629,MS,WON,3,3.03
20260629,MT,WON,2,2.6
20260629,NE,WON,5,3.23
20260629,ON,EXPIRED,5,5.89
20260629,OXY,WON,4,3.32
20260629,PLD,WON,4,1.59
20260629,PRM,WON,1,7.3
20260629,QRVO,EXPIRED,5,-10.34
20260629,ROST,EXPIRED,5,4.26
20260629,SM,WON,2,1.68
20260629,SQM,WON,1,4.97
20260629,SSL,WON,5,5.46
20260629,SU,WON,2,1.49
20260629,SWKS,EXPIRED,5,-13.62
20260629,TTMI,LOST,4,-21.93
20260629,VIRT,WON,1,5.12
20260629,VNOM,EXPIRED,5,1.37
20260629,WULF,LOST,4,-22.75
20260629,YPF,WON,3,1.66
20260630,APA,WON,3,1.5
20260630,APLD,EXPIRED,5,-13.43
20260630,BAC,WON,1,1.32
20260630,BKR,WON,4,1.51
20260630,CAVA,LOST,4,-15.15
20260630,CIFR,EXPIRED,5,-5.06
20260630,CORZ,LOST,1,-17.27
20260630,D,WON,1,1.23
20260630,DD,WON,1,0.88
20260630,DKS,WON,1,3.39
20260630,DLR,EXPIRED,5,-0.14
20260630,DVN,WON,3,2.06
20260630,ENB,EXPIRED,5,0.7
20260630,EOG,WON,3,2.1
20260630,FANG,WON,3,2.66
20260630,FLR,EXPIRED,5,-4.16
20260630,FRO,WON,1,6.32
20260630,GGB,WON,1,1.73
20260630,GM,WON,2,1.19
20260630,GS,WON,1,2.7
20260630,HLT,WON,1,1.67
20260630,HST,EXPIRED,5,-2.32
20260630,IBKR,WON,1,3.4
20260630,INGM,WON,5,0.44
20260630,IRM,LOST,1,-8.05
20260630,MAR,WON,2,1.74
20260630,MS,WON,1,2.73
20260630,NUE,EXPIRED,5,-0.21
20260630,PBR,WON,1,1.11
20260630,PLD,WON,1,2.72
20260630,QRVO,LOST,4,-10.99
20260630,SM,WON,1,0.84
20260630,SOBO,WON,3,2.19
20260630,STAG,WON,1,2.39
20260630,STLD,EXPIRED,5,-3.22
20260630,SU,WON,1,0.67
20260630,TRP,WON,3,3.79
20260630,TTMI,LOST,2,-20.33
20260630,VIST,WON,4,0.97
20260630,VNOM,WON,4,1.06
20260630,WULF,LOST,3,-22.02
20260701,AAON,EXPIRED,5,-1.94
20260701,AER,WON,1,3.46
20260701,APA,WON,2,2.82
20260701,APLD,EXPIRED,5,-12.3
20260701,ATI,EXPIRED,5,-2.67
20260701,BRX,EXPIRED,5,-0.64
20260701,BTI,EXPIRED,5,-0.89
20260701,BUD,EXPIRED,5,-0.8
20260701,CIFR,EXPIRED,5,-3.2
20260701,CORZ,EXPIRED,5,-0.93
20260701,D,WON,1,1.53
20260701,DLR,EXPIRED,5,2.32
20260701,DRI,EXPIRED,5,1.14
20260701,EMR,EXPIRED,5,-0.46
20260701,ENB,WON,2,3.34
20260701,EOG,WON,2,2.1
20260701,ETR,WON,1,1.96
20260701,F,WON,5,2.35
20260701,FANG,WON,2,3.6
20260701,FER,EXPIRED,5,-4.43
20260701,FLR,EXPIRED,5,0.77
20260701,FRO,WON,1,3.11
20260701,GGB,WON,1,1.99
20260701,GM,WON,1,2.37
20260701,GTES,EXPIRED,5,-2.98
20260701,HAL,WON,2,2.97
20260701,HBM,WON,1,3.32
20260701,HON,WON,1,2.54
20260701,HST,EXPIRED,5,-0.73
20260701,HUT,EXPIRED,5,-3.37
20260701,HWM,WON,1,0.73
20260701,INGM,WON,3,1.03
20260701,IRM,EXPIRED,5,-0.32
20260701,KMI,WON,2,2.24
20260701,M,EXPIRED,5,-3.37
20260701,MAR,WON,1,1.54
20260701,MTDR,WON,1,1.41
20260701,NEE,WON,1,1.67
20260701,NGG,WON,1,3.08
20260701,NUE,EXPIRED,5,3.81
20260701,OKE,WON,1,2.68
20260701,OVV,WON,1,1.79
20260701,PBA,WON,1,1.77
20260701,PBR,WON,1,1.63
20260701,PBR-A,WON,1,1.38
20260701,PCG,WON,1,2.53
20260701,PR,WON,2,3.07
20260701,QCOM,WON,4,4.41
20260701,QRVO,EXPIRED,5,-5.58
20260701,RIOT,EXPIRED,5,-12.5
20260701,SFTBY,WON,5,8.58
20260701,SLB,WON,2,3.08
20260701,SM,WON,1,1.71
20260701,SOBO,WON,2,2.87
20260701,SRE,WON,1,1.94
20260701,STLD,EXPIRED,5,3.0
20260701,SU,WON,1,0.54
20260701,SWKS,EXPIRED,5,-8.42
20260701,TGT,WON,5,3.58
20260701,TPR,WON,1,1.25
20260701,TRGP,WON,2,4.21
20260701,TRP,WON,1,3.12
20260701,TS,EXPIRED,5,2.55
20260701,TTE,WON,2,3.02
20260701,TTMI,LOST,2,-20.56
20260701,VIST,WON,3,2.22
20260701,VNOM,WON,3,2.94
20260701,VSH,EXPIRED,5,-12.77
20260701,WMB,WON,3,3.78
20260701,WPC,WON,2,1.74
20260701,WSC,EXPIRED,5,-4.09
20260701,WSM,EXPIRED,5,-3.13
20260701,WULF,EXPIRED,5,-6.83
20260701,XEL,WON,1,1.87
20260702,AAOI,EXPIRED,5,-0.85
20260702,AAON,EXPIRED,5,6.08
20260702,AMKR,EXPIRED,5,1.18
20260702,APLD,EXPIRED,5,-5.78
20260702,AROC,WON,3,7.99
20260702,ATI,EXPIRED,5,-0.56
20260702,AVT,WON,4,5.21
20260702,BRX,EXPIRED,5,-0.54
20260702,BWA,WON,1,3.37
20260702,CARR,EXPIRED,5,-1.4
20260702,CIEN,WON,4,10.49
20260702,CIFR,WON,4,17.91
20260702,COHR,EXPIRED,5,-2.66
20260702,CORZ,EXPIRED,5,9.61
20260702,CSCO,WON,4,2.7
20260702,DLR,EXPIRED,5,4.1
20260702,EMR,WON,1,1.84
20260702,ENPH,EXPIRED,5,4.09
20260702,ERIC,WON,1,1.76
20260702,F,WON,1,3.37
20260702,FANG,WON,2,2.33
20260702,FLG,WON,1,2.47
20260702,FLR,EXPIRED,5,2.61
20260702,GFS,EXPIRED,5,-1.25
20260702,GLNG,WON,1,1.18
20260702,GTES,EXPIRED,5,-1.31
20260702,GTX,EXPIRED,5,1.73
20260702,HAL,WON,2,2.06
20260702,HASI,WON,1,1.65
20260702,HBM,WON,1,2.48
20260702,HPE,WON,1,5.94
20260702,HST,EXPIRED,5,-0.73
20260702,HUT,WON,4,15.23
20260702,INGM,WON,2,5.46
20260702,IRM,EXPIRED,5,3.71
20260702,KGS,EXPIRED,5,-0.15
20260702,LITE,EXPIRED,5,10.12
20260702,LUV,WON,1,1.75
20260702,M,EXPIRED,5,-2.62
20260702,MOD,EXPIRED,5,6.47
20260702,MTSI,EXPIRED,5,-4.26
20260702,MU,EXPIRED,5,0.38
20260702,NOK,WON,4,6.55
20260702,NOKBF,WON,4,5.69
20260702,QCOM,WON,1,4.52
20260702,QRVO,EXPIRED,5,-2.01
20260702,RAL,EXPIRED,5,1.3
20260702,RIOT,EXPIRED,5,-5.18
20260702,SOBO,WON,1,2.12
20260702,STLD,WON,3,4.38
20260702,STX,WON,4,11.41
20260702,TGT,WON,3,2.2
20260702,TOL,EXPIRED,5,-4.87
20260702,TS,WON,3,1.9
20260702,TSEM,EXPIRED,5,1.69
20260702,TTMI,EXPIRED,5,-6.12
20260702,VIAV,EXPIRED,5,3.41
20260702,VIK,EXPIRED,5,-1.54
20260702,VIST,WON,2,4.61
20260702,VSH,EXPIRED,5,-2.72
20260702,VSXY,EXPIRED,5,2.15
20260702,WDC,EXPIRED,5,8.09
20260702,WSC,EXPIRED,5,-1.58
20260702,WSM,EXPIRED,5,-2.86
20260702,WULF,WON,1,14.12
20260702,YPF,WON,1,1.53
20260706,ABEV,WON,5,1.63
20260706,AES,WON,1,0.34
20260706,AM,WON,1,1.9
20260706,AROC,WON,1,5.8
20260706,BKH,WON,1,2.34
20260706,CARR,EXPIRED,5,-0.84
20260706,CAVA,EXPIRED,5,-2.7
20260706,ESI,EXPIRED,5,-3.95
20260706,FTAI,EXPIRED,5,-14.62
20260706,GFS,EXPIRED,5,-8.01
20260706,HST,EXPIRED,5,0.56
20260706,IRM,WON,4,5.12
20260706,JBL,EXPIRED,5,-3.37
20260706,KGS,EXPIRED,5,4.32
20260706,KNX,WON,2,2.82
20260706,NOKBF,WON,2,5.51
20260706,NOV,WON,1,2.19
20260706,ORKA,EXPIRED,5,5.22
20260706,SANM,EXPIRED,5,-4.6
20260706,SKM,WON,1,0.95
20260706,TGT,WON,1,3.28
20260706,TOL,EXPIRED,5,-1.68
20260706,TS,WON,1,1.71
20260706,TSEM,WON,5,9.59
20260706,TTMI,EXPIRED,5,-4.97
20260706,VIK,EXPIRED,5,-2.88
20260706,VSH,EXPIRED,5,-9.59
20260706,WBD,WON,3,1.99
20260706,WSM,EXPIRED,5,-1.89
20260707,AAL,EXPIRED,5,-9.13
20260707,ABEV,WON,2,2.67
20260707,AMAT,WON,1,12.69
20260707,AMKR,EXPIRED,5,3.54
20260707,AVT,WON,1,3.63
20260707,BROS,EXPIRED,5,-3.65
20260707,CARR,EXPIRED,5,-0.26
20260707,CGON,WON,1,1.37
20260707,COHR,EXPIRED,5,-4.7
20260707,DAL,EXPIRED,5,-3.01
20260707,ENTG,EXPIRED,5,2.59
20260707,ESI,EXPIRED,5,1.3
20260707,FCX,WON,1,2.71
20260707,FORM,EXPIRED,5,9.2
20260707,FTAI,EXPIRED,5,-6.04
20260707,GFS,EXPIRED,5,-6.73
20260707,GLW,EXPIRED,5,-5.92
20260707,INTC,EXPIRED,5,-6.7
20260707,IRM,WON,1,3.24
20260707,JBL,EXPIRED,5,-0.59
20260707,JHX,WON,4,2.48
20260707,KDP,EXPIRED,5,-3.84
20260707,KLAC,EXPIRED,5,3.71
20260707,KNX,WON,1,2.43
20260707,LITE,WON,1,9.25
20260707,LRCX,EXPIRED,5,2.85
20260707,LSCC,WON,1,7.76
20260707,MGM,WON,2,1.18
20260707,MTSI,EXPIRED,5,-3.87
20260707,MU,WON,1,8.37
20260707,NBIS,WON,1,15.7
20260707,ONTO,WON,1,15.83
20260707,PL,EXPIRED,5,-13.12
20260707,RKLB,EXPIRED,5,-8.64
20260707,SANM,EXPIRED,5,0.77
20260707,SKM,WON,1,2.13
20260707,SNDK,WON,1,16.38
20260707,SOLV,WON,3,1.73
20260707,SW,EXPIRED,5,-3.13
20260707,TOL,EXPIRED,5,1.02
20260707,TSEM,WON,1,9.1
20260707,TTMI,EXPIRED,5,-0.32
20260707,TWST,EXPIRED,5,1.74
20260707,UAL,EXPIRED,5,-5.72
20260707,VIK,WON,1,1.57
20260707,VSH,EXPIRED,5,-4.12
20260707,WBD,WON,1,1.23
20260707,WSM,EXPIRED,5,-0.18
20260708,AAL,EXPIRED,5,-5.57
20260708,ALHC,EXPIRED,5,0.0
20260708,ALSN,WON,1,3.15
20260708,ASB,WON,1,2.65
20260708,AUB,WON,1,3.2
20260708,AXTA,EXPIRED,5,0.98
20260708,BALL,WON,2,3.18
20260708,BHP,WON,1,4.14
20260708,BIIB,WON,2,3.85
20260708,BRKR,WON,1,4.56
20260708,BROS,EXPIRED,5,0.65
20260708,CARR,WON,1,4.18
20260708,DAL,EXPIRED,5,-0.68
20260708,DKS,EXPIRED,5,0.78
20260708,FCX,WON,1,4.12
20260708,FNB,WON,3,3.1
20260708,GE,EXPIRED,5,-2.89
20260708,GLW,EXPIRED,5,-13.93
20260708,GSAT,WON,1,0.56
20260708,HST,WON,1,1.98
20260708,INTC,EXPIRED,5,-12.03
20260708,IRM,WON,1,1.62
20260708,JHX,WON,3,4.25
20260708,KDP,EXPIRED,5,1.32
20260708,LUV,WON,5,2.59
20260708,MAS,WON,5,5.76
20260708,MGM,WON,1,0.75
20260708,MNST,WON,1,1.82
20260708,MTB,WON,1,1.88
20260708,PL,EXPIRED,5,-20.4
20260708,PPG,EXPIRED,5,3.85
20260708,PRMB,WON,4,4.31
20260708,REYN,WON,1,3.27
20260708,RIO,WON,3,3.92
20260708,RKLB,EXPIRED,5,-19.2
20260708,RRX,WON,1,4.18
20260708,RVTY,WON,1,2.6
20260708,SOLV,WON,2,2.69
20260708,SON,WON,1,3.13
20260708,SWK,WON,5,4.77
20260708,TEX,WON,1,4.96
20260708,TOL,WON,4,5.36
20260708,TWST,EXPIRED,5,2.07
20260708,UAL,EXPIRED,5,-5.87
20260708,UNM,EXPIRED,5,1.49
20260708,VIK,WON,1,2.32
20260708,VSH,EXPIRED,5,-13.63
20260708,WAT,WON,1,2.1
20260708,WSM,WON,5,2.63
20260710,ABBV,WON,4,1.59
20260710,ALKS,EXPIRED,5,1.5
20260710,ARWR,EXPIRED,5,-2.75
20260710,AXTA,EXPIRED,5,-0.52
20260710,BTI,WON,4,1.82
20260710,CPT,WON,5,1.76
20260710,CTRE,WON,4,2.24
20260710,DD,EXPIRED,5,0.45
20260710,DE,WON,5,2.76
20260710,IBRX,EXPIRED,5,-6.57
20260710,IFF,WON,5,3.08
20260710,PL,EXPIRED,5,-13.74
20260710,RKLB,EXPIRED,5,-16.56
20260710,VRTX,EXPIRED,5,0.05
20260713,ABBV,WON,2,1.08
20260713,ALKS,WON,2,2.99
20260713,AMGN,WON,2,1.18
20260713,ARWR,EXPIRED,5,0.55
20260713,AXTA,WON,2,2.25
20260713,BE,EXPIRED,5,-3.1
20260713,BEN,WON,1,2.25
20260713,BTI,WON,2,1.95
20260713,COGT,WON,1,5.07
20260713,CORT,WON,2,6.64
20260713,CYTK,EXPIRED,5,-1.37
20260713,DD,WON,3,2.32
20260713,DE,WON,2,1.28
20260713,DOCN,WON,5,9.01
20260713,DRS,WON,1,2.58
20260713,GOOG,WON,1,1.76
20260713,GOOGL,WON,1,1.99
20260713,HLT,EXPIRED,5,0.46
20260713,IBRX,EXPIRED,5,3.59
20260713,IFF,WON,3,4.38
20260713,INTC,WON,1,5.93
20260713,IRDM,EXPIRED,5,-2.78
20260713,LQDA,WON,2,9.9
20260713,MIRM,EXPIRED,5,-1.67
20260713,PL,EXPIRED,5,-11.02
20260713,PTCT,EXPIRED,5,-3.48
20260713,PWR,WON,1,1.95
20260713,RHHBY,WON,3,2.32
20260713,RIOT,WON,5,3.96
20260713,RVMD,WON,4,2.44
20260713,SQM,EXPIRED,5,-4.31
20260713,TEVA,EXPIRED,5,-2.58
20260713,TPR,WON,1,3.32
20260713,TSM,EXPIRED,5,0.72
20260713,TTMI,WON,1,5.93
20260713,UAL,EXPIRED,5,-2.86
20260713,VRTX,WON,3,3.4
20260713,YOU,WON,2,3.92
20260714,AAL,EXPIRED,5,-5.62
20260714,ABBV,WON,1,1.6
20260714,ALKS,WON,1,2.13
20260714,AMGN,WON,1,1.94
20260714,ARWR,WON,5,9.07
20260714,BAYRY,EXPIRED,5,-4.3
20260714,BTI,WON,1,2.32
20260714,C,EXPIRED,5,-0.77
20260714,CYTK,EXPIRED,5,0.32
20260714,DE,WON,1,0.84
20260714,EBAY,EXPIRED,5,-1.41
20260714,GD,WON,2,1.01
20260714,GFS,EXPIRED,5,-7.73
20260714,GSK,WON,1,1.97
20260714,IFF,WON,1,3.05
20260714,LLY,EXPIRED,5,0.91
20260714,LUV,WON,1,1.68
20260714,MO,WON,1,2.11
20260714,MRK,WON,1,2.57
20260714,NBIS,WON,4,8.91
20260714,NVS,WON,2,2.09
20260714,NWG,WON,1,1.86
20260714,PL,EXPIRED,5,-11.58
20260714,PM,WON,1,2.98
20260714,PTCT,EXPIRED,5,0.44
20260714,QCOM,EXPIRED,5,-1.39
20260714,RHHBY,WON,1,2.27
20260714,RIOT,WON,4,2.97
20260714,RPRX,WON,1,2.35
20260714,SJM,WON,1,1.86
20260714,TAK,WON,1,1.04
20260714,TEVA,WON,2,2.64
20260714,TPR,WON,1,2.29
20260714,TSM,EXPIRED,5,0.2
20260714,UAL,EXPIRED,5,-2.57
20260714,VIRT,EXPIRED,5,-0.02
20260714,VRTX,WON,2,2.32
20260714,WULF,EXPIRED,5,0.41
20260714,YUM,LOST,3,-6.77
20260715,AAL,LOST,5,-11.39
20260715,ABBV,WON,1,1.18
20260715,AEP,WON,1,1.49
20260715,ALAB,EXPIRED,5,-6.75
20260715,ARM,EXPIRED,5,2.18
20260715,ARWR,WON,4,5.33
20260715,BAYRY,EXPIRED,5,-3.46
20260715,BTSG,WON,1,2.72
20260715,CAH,WON,1,2.99
20260715,CIEN,EXPIRED,5,-2.61
20260715,CLS,WON,5,3.93
20260715,CMS,WON,1,1.39
20260715,CRDO,EXPIRED,5,4.3
20260715,CSCO,EXPIRED,5,0.89
20260715,DTE,WON,1,1.56
20260715,ELV,EXPIRED,5,-2.82
20260715,EW,EXPIRED,5,-3.95
20260715,EXC,WON,1,1.86
20260715,FHN,WON,1,2.57
20260715,GD,WON,1,1.61
20260715,GFS,EXPIRED,5,-7.33
20260715,HNGE,EXPIRED,5,-10.57
20260715,JNJ,WON,1,3.21
20260715,LAUR,EXPIRED,5,-1.77
20260715,LIN,WON,1,1.76
20260715,LNT,WON,1,1.84
20260715,NI,WON,1,1.93
20260715,NOK,EXPIRED,5,-13.51
20260715,NOKBF,EXPIRED,5,-12.15
20260715,OHI,WON,1,0.86
20260715,PFGC,WON,1,1.82
20260715,QCOM,EXPIRED,5,-3.86
20260715,RIOT,WON,3,2.44
20260715,SRE,WON,1,1.17
20260715,SSRM,WON,4,3.27
20260715,SYY,WON,1,2.29
20260715,TEVA,WON,1,2.41
20260715,TRV,WON,1,2.31
20260715,TSM,EXPIRED,5,-0.93
20260715,USFD,EXPIRED,5,-1.51
20260715,VSH,EXPIRED,5,0.87
20260715,WEC,WON,1,1.58
20260715,WULF,EXPIRED,5,3.51
20260716,AAL,LOST,4,-11.47
20260716,ALAB,EXPIRED,5,-8.81
20260716,ANET,WON,4,5.74
20260716,ARM,WON,2,10.11
20260716,ARWR,WON,1,2.44
20260716,BAYRY,EXPIRED,5,-3.46
20260716,BB,EXPIRED,5,-6.77
20260716,BE,EXPIRED,5,-10.56
20260716,BTSG,WON,1,1.86
20260716,BWA,WON,3,1.78
20260716,CART,EXPIRED,5,-8.7
20260716,CAT,EXPIRED,5,1.32
20260716,CDNS,LOST,1,-9.41
20260716,CIEN,EXPIRED,5,0.55
20260716,CNC,WON,1,4.82
20260716,COHR,WON,2,9.69
20260716,CRDO,WON,4,12.09
20260716,CSCO,EXPIRED,5,4.11
20260716,EBAY,WON,1,2.52
20260716,ELV,EXPIRED,5,1.3
20260716,FLEX,WON,3,6.9
20260716,FROG,WON,1,4.41
20260716,GFS,EXPIRED,5,-8.09
20260716,GLW,EXPIRED,5,-7.41
20260716,IBRX,WON,2,4.83
20260716,IRDM,EXPIRED,5,-1.78
20260716,JBL,WON,3,4.56
20260716,LAUR,EXPIRED,5,0.33
20260716,LSCC,WON,2,5.87
20260716,MKSI,EXPIRED,5,-0.85
20260716,MOH,LOST,4,-11.76
20260716,MRNA,EXPIRED,5,-14.38
20260716,MRVL,WON,3,13.69
20260716,MTSI,EXPIRED,5,-3.09
20260716,MTZ,WON,3,5.44
20260716,MXL,WON,3,17.33
20260716,NBIS,WON,2,15.92
20260716,NBIX,WON,1,1.06
20260716,NOK,EXPIRED,5,-12.33
20260716,NOKBF,EXPIRED,5,-11.34
20260716,OSCR,WON,2,5.82
20260716,QCOM,EXPIRED,5,-2.13
20260716,RIOT,WON,1,6.54
20260716,ROIV,WON,1,2.68
20260716,RVMD,WON,1,2.62
20260716,SIMO,EXPIRED,5,-0.57
20260716,SNDK,WON,4,18.69
20260716,SRRK,EXPIRED,5,-7.85
20260716,STM,LOST,5,-16.58
20260716,STX,WON,2,13.3
20260716,TSM,WON,2,2.76
20260716,TWLO,LOST,4,-12.61
20260716,VIAV,WON,2,9.88
20260716,VIST,WON,2,3.85
20260716,VRT,WON,2,3.84
20260716,VSH,WON,4,12.65
20260716,WDC,WON,2,14.91
20260716,WULF,WON,2,10.79
20260717,AAL,EXPIRED,5,-3.34
20260717,ADI,WON,2,2.6
20260717,ALAB,WON,4,11.84
20260717,ALGM,WON,2,6.2
20260717,AMAT,WON,2,7.28
20260717,AMD,WON,1,5.23
20260717,ANET,WON,2,3.53
20260717,APH,WON,2,2.61
20260717,ARMK,WON,1,1.15
20260717,ASX,WON,2,3.91
20260717,BB,EXPIRED,5,-5.01
20260717,BKR,WON,3,1.95
20260717,BWA,WON,2,1.51
20260717,C,EXPIRED,5,2.19
20260717,CART,WON,2,2.86
20260717,CDNS,EXPIRED,5,-1.17
20260717,CIEN,WON,4,10.79
20260717,COHR,WON,1,6.06
20260717,CRDO,WON,2,9.58
20260717,ELV,EXPIRED,5,1.22
20260717,EW,WON,5,3.28
20260717,FLEX,WON,2,5.8
20260717,GFS,EXPIRED,5,-6.87
20260717,GLW,EXPIRED,5,-5.15
20260717,INTC,WON,2,6.46
20260717,IRDM,WON,3,2.57
20260717,ITUB,WON,2,2.32
20260717,JBL,WON,2,4.72
20260717,KLAC,EXPIRED,5,-1.05
20260717,KLIC,WON,2,7.03
20260717,LAUR,EXPIRED,5,1.51
20260717,MFG,WON,2,5.17
20260717,MKSI,WON,2,6.01
20260717,MRNA,EXPIRED,5,-12.54
20260717,MRVL,WON,2,8.46
20260717,MTSI,WON,3,7.11
20260717,MTZ,WON,2,6.4
20260717,MXL,WON,2,16.08
20260717,NBIX,WON,1,0.73
20260717,NOK,EXPIRED,5,-10.08
20260717,NOKBF,EXPIRED,5,-10.3
20260717,NXPI,WON,2,3.44
20260717,SFTBY,EXPIRED,5,-5.66
20260717,SIMO,WON,3,8.81
20260717,SMFG,WON,2,3.81
20260717,SNDK,WON,2,15.33
20260717,STM,WON,3,6.74
20260717,TECK,WON,3,4.4
20260717,TSM,WON,2,3.9
20260717,TT,WON,1,1.65
20260717,TWLO,WON,1,2.63
20260717,TXN,WON,2,4.26
20260717,UAL,WON,2,3.41
20260717,VIRT,WON,3,7.29
20260717,VRT,WON,1,3.45
20260720,AAON,EXPIRED,5,-9.76
20260720,ABVX,EXPIRED,5,-5.53
20260720,ACMR,WON,1,6.98
20260720,ADI,WON,1,2.67
20260720,AEP,WON,1,1.3
20260720,ALGM,WON,1,4.53
20260720,AMAT,WON,1,6.2
20260720,APH,WON,1,2.35
20260720,ARMK,WON,2,1.08
20260720,ASX,WON,1,6.18
20260720,BB,EXPIRED,5,-8.38
20260720,BEN,WON,4,2.36
20260720,BNS,EXPIRED,5,1.47
20260720,BRKR,WON,1,4.02
20260720,BWA,WON,1,2.21
20260720,C,WON,1,2.23
20260720,CAT,WON,1,3.42
20260720,CDNS,WON,5,7.48
20260720,CMI,WON,1,2.51
20260720,CYTK,WON,1,2.19
20260720,ESI,WON,1,4.88
20260720,ETR,WON,1,1.81
20260720,EW,WON,3,2.58
20260720,GFS,WON,1,4.68
20260720,GH,EXPIRED,5,-3.01
20260720,GLW,EXPIRED,5,-17.69
20260720,IRDM,WON,1,2.24
20260720,JCI,WON,1,1.76
20260720,KGS,WON,1,3.1
20260720,KLAC,WON,2,5.45
20260720,LAUR,WON,3,3.93
20260720,LRCX,WON,2,5.79
20260720,MCHP,WON,1,3.47
20260720,MFG,WON,1,4.17
20260720,MKSI,WON,1,4.43
20260720,MRNA,EXPIRED,5,-6.19
20260720,MS,EXPIRED,5,-0.25
20260720,NOK,EXPIRED,5,-11.41
20260720,ON,WON,1,3.45
20260720,OUT,EXPIRED,5,-0.55
20260720,RVTY,WON,1,3.47
20260720,RYCEY,WON,1,2.27
20260720,SAN,WON,1,2.03
20260720,SFTBY,EXPIRED,5,-9.01
20260720,SIMO,WON,1,10.15
20260720,SLB,WON,1,1.55
20260720,SMFG,WON,1,3.21
20260720,STM,WON,1,5.05
20260720,TECK,WON,1,4.0
20260720,TEX,WON,1,3.24
20260720,TKR,WON,1,2.53
20260720,TT,WON,1,1.54
20260720,TWLO,EXPIRED,5,-5.32
20260720,TXN,WON,1,3.22
20260720,UMC,EXPIRED,5,-14.48
20260720,WAT,WON,1,3.82
20260720,WBS,WON,1,0.94
20260721,ABNB,WON,3,1.49
20260721,AEP,WON,1,1.06
20260721,AGNC,EXPIRED,5,0.0
20260721,ALLY,EXPIRED,5,-4.0
20260721,ARMK,WON,1,0.98
20260721,CARR,WON,1,2.1
20260721,CRWD,EXPIRED,5,-6.16
20260721,DTE,WON,1,1.37
20260721,EW,WON,2,1.81
20260721,HAL,EXPIRED,5,-6.03
20260721,LIN,WON,3,1.59
20260721,LNT,WON,2,1.82
20260721,OUT,WON,5,2.88
20260721,PFG,WON,4,2.52
20260721,REYN,WON,4,1.32
20260721,SBS,LOST,5,-6.16
20260721,SN,WON,3,2.75
20260721,TWLO,EXPIRED,5,-4.06
20260721,ZION,EXPIRED,5,-0.19
20260721,ZM,WON,3,1.89
20260722,ABNB,WON,2,3.23
20260722,AGNC,EXPIRED,5,0.75
20260722,CGNX,WON,1,1.22
20260722,COMP,WON,2,4.09
20260722,CRWD,EXPIRED,5,-1.7
20260722,DDOG,WON,2,4.55
20260722,DXCM,WON,3,5.42
20260722,ETSY,WON,2,2.83
20260722,EW,WON,1,1.34
20260722,FROG,EXPIRED,5,-1.58
20260722,FTNT,WON,5,2.66
20260722,GBCI,EXPIRED,5,-4.3
20260722,GEV,EXPIRED,5,-0.31
20260722,HNGE,EXPIRED,5,-5.02
20260722,HSIC,WON,4,2.1
20260722,INVH,WON,3,1.66
20260722,MGM,WON,1,1.36
20260722,MRNA,EXPIRED,5,-0.26
20260722,MTCH,WON,3,2.68
20260722,NLY,WON,3,1.87
20260722,NYT,WON,3,2.92
20260722,OKTA,EXPIRED,5,2.73
20260722,OUT,WON,4,2.22
20260722,PANW,EXPIRED,5,-2.86
20260722,PFG,WON,2,2.9
20260722,RELY,EXPIRED,5,1.47
20260722,SIRI,WON,2,2.28
20260722,SN,WON,2,2.85
20260722,SRRK,EXPIRED,5,1.43
20260722,TGTX,WON,1,2.66
20260722,TWLO,EXPIRED,5,4.12
20260722,UNM,LOST,4,-5.64
20260722,ZETA,WON,3,4.86
20260723,ABNB,WON,1,3.61
20260723,AGNC,WON,2,2.65
20260723,ALGN,WON,2,3.42
20260723,AMH,WON,1,1.12
20260723,ASB,WON,1,1.95
20260723,BB,EXPIRED,5,-1.51
20260723,CART,WON,2,5.95
20260723,COLB,EXPIRED,5,-3.07
20260723,COMP,WON,1,6.12
20260723,CRWD,EXPIRED,5,4.06
20260723,DAL,WON,1,2.2
20260723,DDOG,WON,1,3.67
20260723,DXCM,WON,1,4.71
20260723,EPRT,EXPIRED,5,-2.52
20260723,EW,WON,2,1.04
20260723,FR,EXPIRED,5,-0.74
20260723,FTNT,WON,4,3.82
20260723,GBCI,EXPIRED,5,-2.69
20260723,HBAN,EXPIRED,5,-2.07
20260723,HNGE,EXPIRED,5,-2.58
20260723,HSIC,WON,1,1.55
20260723,INVH,WON,1,1.22
20260723,KDP,WON,1,2.09
20260723,KNX,EXPIRED,5,-3.87
20260723,LINE,WON,2,5.13
20260723,LUV,EXPIRED,5,0.58
20260723,LYV,WON,1,1.43
20260723,MGM,WON,1,1.62
20260723,MOH,EXPIRED,5,-2.33
20260723,MRNA,WON,5,3.84
20260723,MTCH,WON,1,2.86
20260723,NET,WON,1,3.21
20260723,NLY,WON,1,1.39
20260723,OC,WON,1,1.12
20260723,OKTA,WON,5,4.67
20260723,OUT,WON,1,1.41
20260723,PANW,EXPIRED,5,1.9
20260723,PECO,WON,1,1.87
20260723,PFG,WON,1,2.71
20260723,PRMB,EXPIRED,5,-0.39
20260723,QSR,WON,1,1.78
20260723,RELY,WON,3,3.02
20260723,REYN,WON,1,2.58
20260723,ROKU,WON,1,1.31
20260723,SBUX,WON,1,1.14
20260723,SN,WON,1,2.6
20260723,SOLV,WON,1,2.03
20260723,STAG,LOST,4,-4.86
20260723,STM,EXPIRED,5,-2.06
20260723,TGT,WON,1,2.62
20260723,TXRH,WON,1,1.63
20260723,UNM,WON,2,1.91
20260723,VLY,EXPIRED,5,-1.11
20260723,VOYA,WON,1,1.64
20260723,VVV,WON,1,2.48
20260723,YOU,WON,1,5.79
20260723,ZETA,WON,1,7.07
20260724,AKAM,EXPIRED,5,-0.16
20260724,ALGN,WON,1,3.02
20260724,ALLY,EXPIRED,5,0.96
20260724,AROC,EXPIRED,5,-1.7
20260724,BB,WON,1,2.93
20260724,BE,WON,4,12.9
20260724,CART,WON,2,5.02
20260724,CHRW,LOST,2,-7.72
20260724,COLB,EXPIRED,5,0.39
20260724,CRWD,WON,5,3.09
20260724,CX,EXPIRED,5,-1.99
20260724,EQR,WON,2,0.65
20260724,FLG,EXPIRED,5,2.67
20260724,GBCI,EXPIRED,5,-1.95
20260724,GFS,EXPIRED,5,-6.61
20260724,GLNG,WON,3,1.85
20260724,HBAN,EXPIRED,5,-1.84
20260724,HNGE,EXPIRED,5,0.54
20260724,KDP,WON,1,1.21
20260724,KGS,EXPIRED,5,-0.63
20260724,MOH,EXPIRED,5,-0.98
20260724,MRNA,WON,4,6.64
20260724,NET,WON,1,2.09
20260724,NOK,EXPIRED,5,0.44
20260724,NOKBF,EXPIRED,5,0.11
20260724,PANW,EXPIRED,5,2.48
20260724,PRMB,WON,2,3.26
20260724,PTCT,WON,1,1.59
20260724,RELY,WON,2,3.15
20260724,SFTBY,EXPIRED,5,-5.44
20260724,STM,EXPIRED,5,1.65
20260724,TIGO,WON,1,2.53
20260724,UMC,EXPIRED,5,-2.31
20260724,UNM,WON,1,1.53
20260724,VLY,WON,1,1.32
20260724,ZETA,WON,1,5.8
20260727,AAON,LOST,1,-15.33
20260727,ACMR,EXPIRED,5,3.18
20260727,ADM,LOST,4,-5.85
20260727,AKAM,WON,5,5.41
20260727,ALAB,WON,3,9.85
20260727,AM,EXPIRED,5,-0.55
20260727,AMD,EXPIRED,5,4.77
20260727,AMKR,LOST,1,-21.55
20260727,AMX,WON,1,1.05
20260727,APH,WON,1,3.79
20260727,AROC,EXPIRED,5,0.14
20260727,ASML,EXPIRED,5,3.42
20260727,AVB,WON,1,1.18
20260727,BB,WON,3,3.44
20260727,BG,LOST,1,-7.1
20260727,CF,WON,1,3.83
20260727,CHRW,LOST,2,-9.26
20260727,COHR,WON,5,10.31
20260727,COLB,WON,5,3.43
20260727,CORZ,WON,5,10.99
20260727,CRWD,WON,1,2.87
20260727,DAR,EXPIRED,5,-0.63
20260727,ENTG,WON,5,5.79
20260727,EPD,WON,1,1.31
20260727,EQR,WON,1,1.12
20260727,ET,WON,5,1.76
20260727,EXPD,WON,5,2.59
20260727,FLEX,WON,5,6.3
20260727,FLG,WON,4,4.72
20260727,FORM,WON,3,9.87
20260727,GBCI,WON,5,3.41
20260727,GFS,EXPIRED,5,-2.18
20260727,GH,WON,2,2.57
20260727,GTX,WON,3,2.63
20260727,HBAN,WON,5,2.97
20260727,HUM,WON,1,3.21
20260727,IBRX,WON,2,6.01
20260727,INTC,WON,5,7.41
20260727,JBHT,EXPIRED,5,-2.47
20260727,KEY,WON,3,1.24
20260727,KEYS,WON,3,2.85
20260727,KGS,EXPIRED,5,3.12
20260727,KNX,EXPIRED,5,1.26
20260727,LITE,WON,5,11.69
20260727,LRCX,WON,2,6.85
20260727,LSCC,WON,3,7.79
20260727,LYB,WON,1,3.77
20260727,MKSI,LOST,1,-18.28
20260727,MOD,LOST,1,-16.03
20260727,MRVL,WON,5,6.96
20260727,MTSI,EXPIRED,5,3.89
20260727,NTRA,WON,2,2.01
20260727,NVDA,WON,4,4.98
20260727,NVT,LOST,1,-12.08
20260727,OKE,LOST,5,-6.36
20260727,ONTO,WON,5,8.3
20260727,OXY,WON,3,3.35
20260727,PANW,WON,3,3.63
20260727,POR,LOST,3,-4.57
20260727,PR,WON,3,4.05
20260727,PRM,WON,1,2.01
20260727,PTCT,LOST,3,-10.86
20260727,SIMO,WON,2,11.62
20260727,SM,WON,3,7.19
20260727,SNDK,EXPIRED,5,11.69
20260727,SNDR,EXPIRED,5,-1.25
20260727,TRGP,EXPIRED,5,-1.74
20260727,TTMI,EXPIRED,5,7.34
20260727,TWST,WON,2,6.15
20260727,UMC,WON,5,6.81
20260727,VIAV,WON,5,7.31
20260727,VNOM,WON,3,3.83
20260727,WMB,EXPIRED,5,1.02
20260727,XPO,EXPIRED,5,-2.36
20260728,ACMR,WON,2,15.04
20260728,ADI,WON,2,2.59
20260728,ADM,LOST,3,-5.89
20260728,AKAM,WON,2,4.07
20260728,ALAB,WON,1,14.68
20260728,ALKS,EXPIRED,5,-1.76
20260728,AM,EXPIRED,5,-2.71
20260728,AMAT,WON,2,11.08
20260728,AMD,WON,2,12.78
20260728,AMX,LOST,5,-5.56
20260728,APH,WON,1,5.77
20260728,AROC,EXPIRED,5,-3.88
20260728,ASML,WON,5,8.66
20260728,ASX,WON,4,10.37
20260728,ATI,WON,4,4.05
20260728,AVT,WON,2,3.0
20260728,BB,WON,1,5.44
20260728,BG,LOST,1,-6.95
20260728,BNY,WON,4,1.19
20260728,BP,WON,1,3.22
20260728,CARR,EXPIRED,5,3.59
20260728,CAT,WON,4,4.34
20260728,CGNX,WON,1,2.62
20260728,CIEN,WON,2,9.75
20260728,CMI,LOST,4,-8.79
20260728,COP,WON,1,3.23
20260728,CORZ,WON,1,7.76
20260728,CRDO,WON,2,12.16
20260728,CVX,WON,1,2.33
20260728,CX,EXPIRED,5,-3.75
20260728,CYTK,EXPIRED,5,-0.76
20260728,DAR,WON,2,6.01
20260728,DELL,WON,2,9.04
20260728,DOCN,WON,2,12.01
20260728,DVN,WON,1,3.63
20260728,ERAS,WON,5,4.63
20260728,ETN,WON,2,4.13
20260728,EXPD,WON,4,1.7
20260728,FANG,WON,1,5.02
20260728,FLEX,WON,4,6.43
20260728,FLR,WON,4,4.62
20260728,FTNT,WON,1,1.52
20260728,GEV,WON,2,5.38
20260728,GH,WON,1,2.68
20260728,GS,WON,4,2.88
20260728,GTX,WON,1,4.01
20260728,IBRX,WON,1,3.16
20260728,INTC,WON,2,9.65
20260728,JBHT,EXPIRED,5,-1.95
20260728,JBL,WON,2,3.47
20260728,JCI,WON,1,1.63
20260728,KEYS,WON,2,4.22
20260728,KGS,EXPIRED,5,2.37
20260728,KLAC,EXPIRED,5,1.05
20260728,KMI,EXPIRED,5,-1.55
20260728,KNX,EXPIRED,5,0.93
20260728,LITE,WON,2,16.28
20260728,LNG,WON,2,4.46
20260728,LRCX,WON,1,11.68
20260728,LSCC,WON,2,7.73
20260728,LYB,WON,1,3.47
20260728,MCHP,WON,4,5.36
20260728,MFG,WON,5,3.77
20260728,MKSI,WON,4,13.59
20260728,MOD,EXPIRED,5,-6.46
20260728,MRVL,WON,2,12.13
20260728,MS,WON,4,1.55
20260728,MTSI,WON,4,7.91
20260728,MTZ,LOST,2,-15.68
20260728,MU,WON,2,11.91
20260728,MXL,EXPIRED,5,14.46
20260728,NBIS,WON,2,16.03
20260728,NE,WON,2,8.16
20260728,NGG,EXPIRED,5,-0.74
20260728,NTRA,WON,1,3.18
20260728,NVT,WON,2,7.18
20260728,NXPI,LOST,2,-11.34
20260728,OKE,EXPIRED,5,-1.76
20260728,ONTO,WON,2,12.72
20260728,OXY,WON,2,4.3
20260728,POR,LOST,2,-4.59
20260728,PR,WON,1,5.52
20260728,PTCT,LOST,2,-10.76
20260728,PWR,WON,1,6.45
20260728,ROIV,WON,5,2.6
20260728,RRX,WON,2,4.01
20260728,SIMO,WON,1,18.11
20260728,SKM,WON,4,11.16
20260728,SM,WON,2,7.82
20260728,SMTC,WON,4,13.99
20260728,SNDK,WON,2,28.1
20260728,SNDR,EXPIRED,5,0.97
20260728,STX,WON,1,13.41
20260728,TER,WON,1,9.06
20260728,TRGP,EXPIRED,5,-0.59
20260728,TSEM,WON,3,15.33
20260728,TSM,WON,1,3.57
20260728,TXN,WON,2,2.16
20260728,UDR,WON,1,0.97
20260728,UMC,WON,2,13.02
20260728,UPS,EXPIRED,5,2.06
20260728,VIAV,WON,4,12.17
20260728,VNOM,WON,2,4.95
20260728,VRT,LOST,1,-16.14
20260728,VSH,WON,4,15.4
20260728,WDC,WON,1,12.02
20260728,WMB,EXPIRED,5,2.35
20260728,XPO,EXPIRED,5,-2.22
20260728,YPF,WON,1,2.95
20260729,ABVX,WON,1,5.68
20260729,ADI,WON,1,4.32
20260729,ADM,EXPIRED,5,-3.57
20260729,AEP,EXPIRED,5,-3.93
20260729,AKAM,WON,1,5.17
20260729,ALAB,WON,1,13.0
20260729,ALGM,EXPIRED,5,0.58
20260729,ALKS,EXPIRED,5,0.06
20260729,ALSN,WON,3,4.6
20260729,AM,EXPIRED,5,-0.14
20260729,AMAT,WON,1,15.88
20260729,AMD,WON,1,13.64
20260729,AME,WON,1,2.27
20260729,AMX,EXPIRED,5,-3.82
20260729,ANET,WON,1,7.5
20260729,ARM,WON,1,13.74
20260729,AROC,EXPIRED,5,-5.07
20260729,ASML,WON,1,7.59
20260729,ASX,WON,1,14.33
20260729,ATI,WON,2,7.37
20260729,AVGO,WON,1,3.09
20260729,AVT,WON,1,4.69
20260729,BNY,WON,1,2.89
20260729,BWA,WON,1,2.19
20260729,C,WON,1,3.32
20260729,CAT,WON,3,9.37
20260729,CGNX,WON,1,5.48
20260729,CMI,WON,1,6.9
20260729,CNC,WON,2,2.54
20260729,CRDO,WON,1,15.81
20260729,CX,EXPIRED,5,-3.42
20260729,CYTK,WON,1,2.33
20260729,CZR,WON,3,0.47
20260729,DELL,WON,1,11.76
20260729,DOCN,WON,1,11.31
20260729,DTE,EXPIRED,5,-2.47
20260729,ERAS,WON,1,5.19
20260729,ESI,WON,1,6.27
20260729,ETR,EXPIRED,5,-1.21
20260729,EVRG,EXPIRED,5,-1.17
20260729,EXPD,WON,3,1.61
20260729,FCX,WON,1,3.5
20260729,FLEX,WON,1,12.37
20260729,FR,WON,1,1.42
20260729,FROG,WON,1,7.08
20260729,FTI,EXPIRED,5,-2.94
20260729,GEV,WON,1,8.55
20260729,GS,WON,1,6.01
20260729,GSAT,WON,1,0.48
20260729,GTES,WON,1,5.78
20260729,GTX,WON,1,6.01
20260729,HPE,WON,1,5.11
20260729,HUT,WON,1,18.29
20260729,HWM,WON,1,4.34
20260729,HXL,EXPIRED,5,-2.66
20260729,IBKR,WON,1,5.02
20260729,IBRX,WON,1,3.37
20260729,INTC,WON,1,10.5
20260729,IRM,WON,1,3.73
20260729,IVZ,WON,1,4.99
20260729,JBHT,EXPIRED,5,-3.38
20260729,JBL,WON,1,7.0
20260729,JCI,WON,1,1.81
20260729,KEYS,WON,1,5.11
20260729,KGS,WON,1,6.76
20260729,KLAC,WON,4,16.76
20260729,LITE,WON,1,18.3
20260729,LNT,EXPIRED,5,-3.44
20260729,LRCX,WON,1,14.01
20260729,LSCC,WON,1,10.22
20260729,MAS,EXPIRED,5,4.01
20260729,MFG,WON,1,5.3
20260729,MIRM,WON,1,4.38
20260729,MKSI,WON,1,19.02
20260729,MRVL,WON,1,13.9
20260729,MS,WON,1,4.26
20260729,MU,WON,1,18.29
20260729,MXL,WON,1,20.14
20260729,NBIS,WON,1,23.4
20260729,NOV,WON,3,5.19
20260729,NVT,WON,1,10.02
20260729,NXPI,EXPIRED,5,-3.82
20260729,OC,WON,2,3.29
20260729,ODFL,EXPIRED,5,-5.11
20260729,OGE,EXPIRED,5,-2.09
20260729,ON,WON,1,8.86
20260729,ORKA,WON,1,2.84
20260729,PCVX,WON,1,3.21
20260729,PNW,EXPIRED,5,-1.43
20260729,POR,EXPIRED,5,-3.5
20260729,PTCT,LOST,1,-10.26
20260729,PWR,WON,1,8.69
20260729,RAL,EXPIRED,5,-1.52
20260729,ROIV,WON,1,4.38
20260729,RRX,WON,1,9.61
20260729,RVMD,WON,1,2.9
20260729,SCCO,WON,1,2.04
20260729,SIMO,WON,1,17.85
20260729,SKM,WON,3,12.35
20260729,SMFG,WON,1,3.37
20260729,SMTC,WON,1,16.07
20260729,SNDK,WON,1,26.73
20260729,SNDR,WON,4,4.14
20260729,SNEX,WON,1,2.65
20260729,STAG,LOST,5,-5.68
20260729,STT,WON,1,3.72
20260729,TER,WON,1,6.35
20260729,TEX,EXPIRED,5,1.22
20260729,TKR,WON,1,5.2
20260729,TRP,WON,1,2.23
20260729,TSEM,WON,1,18.06
20260729,TSM,WON,1,5.96
20260729,TT,WON,3,5.68
20260729,TXN,WON,1,2.64
20260729,UMC,WON,1,9.76
20260729,UPS,EXPIRED,5,-1.3
20260729,VIAV,WON,1,15.92
20260729,VIRT,WON,1,1.8
20260729,VSH,WON,1,19.39
20260729,WDC,WON,1,8.28
20260729,WMB,WON,3,2.77
20260729,XEL,EXPIRED,5,-2.26
20260729,XENE,WON,4,2.9
20260729,XPO,EXPIRED,5,-1.52
20260730,ADC,EXPIRED,5,-3.55
20260730,AEE,EXPIRED,5,0.08
20260730,AEP,EXPIRED,5,-2.35
20260730,AHR,WON,5,2.58
20260730,ALGM,WON,2,6.63
20260730,BRX,LOST,5,-4.83
20260730,CNC,WON,1,3.24
20260730,CNP,EXPIRED,5,-3.49
20260730,CP,WON,3,3.2
20260730,CROX,WON,1,7.13
20260730,CTRE,EXPIRED,5,-1.01
20260730,CZR,WON,1,0.81
20260730,DTE,EXPIRED,5,-1.29
20260730,DUK,EXPIRED,5,-1.12
20260730,EPRT,EXPIRED,5,-2.05
20260730,ETR,EXPIRED,5,-0.79
20260730,EVRG,EXPIRED,5,0.16
20260730,EXPD,WON,1,2.41
20260730,FTI,EXPIRED,5,1.02
20260730,HXL,EXPIRED,5,0.33
20260730,JBHT,EXPIRED,5,-0.26
20260730,JNJ,EXPIRED,5,1.34
20260730,KIM,LOST,5,-4.51
20260730,LNT,EXPIRED,5,-2.14
20260730,MAS,WON,3,7.25
20260730,MO,EXPIRED,5,0.6
20260730,MOH,WON,1,1.81
20260730,NNN,EXPIRED,5,-2.7
20260730,O,EXPIRED,5,-2.98
20260730,ODFL,EXPIRED,5,1.83
20260730,OGE,EXPIRED,5,-0.51
20260730,PNW,EXPIRED,5,-0.29
20260730,POR,EXPIRED,5,-2.08
20260730,RAL,EXPIRED,5,0.67
20260730,SBRA,LOST,2,-7.13
20260730,SNDR,WON,1,5.42
20260730,SO,EXPIRED,5,-1.75
20260730,STAG,EXPIRED,5,-3.22
20260730,TEX,WON,2,7.46
20260730,TT,WON,2,5.45
20260730,UNP,WON,2,2.45
20260730,VTR,EXPIRED,5,1.57
20260730,WELL,EXPIRED,5,0.55
20260730,WM,EXPIRED,5,0.6
20260730,WPC,EXPIRED,5,-3.06
20260730,XEL,EXPIRED,5,-0.2
20260730,XPO,WON,3,2.84
20260731,AAPL,EXPIRED,5,1.34
20260731,ABBV,EXPIRED,5,-1.95
20260731,ADC,EXPIRED,5,-2.79
20260731,ADM,WON,3,2.6
20260731,AEP,EXPIRED,5,-2.4
20260731,AES,EXPIRED,5,0.34
20260731,AHR,WON,5,2.16
20260731,ALGM,WON,2,4.34
20260731,BBIO,WON,3,3.75
20260731,BYD,EXPIRED,5,-1.93
20260731,CI,EXPIRED,5,1.23
20260731,CNP,EXPIRED,5,-3.24
20260731,CRNX,WON,1,0.28
20260731,CTVA,EXPIRED,5,-2.39
20260731,D,EXPIRED,5,-2.57
20260731,DUK,EXPIRED,5,-0.46
20260731,ED,EXPIRED,5,-0.8
20260731,EIX,LOST,3,-7.81
20260731,ES,EXPIRED,5,1.03
20260731,ETR,EXPIRED,5,-0.41
20260731,EVRG,WON,4,1.61
20260731,FE,EXPIRED,5,-1.74
20260731,HR,EXPIRED,5,-4.95
20260731,HXL,WON,4,3.2
20260731,KIM,LOST,5,-4.47
20260731,KMX,WON,1,2.11
20260731,LIN,EXPIRED,5,2.42
20260731,LLY,WON,3,3.27
20260731,LNT,EXPIRED,5,-1.99
20260731,MAS,WON,2,6.02
20260731,MGM,WON,2,2.56
20260731,NEE,EXPIRED,5,-2.61
20260731,NNN,EXPIRED,5,-1.43
20260731,O,EXPIRED,5,-2.13
20260731,ODFL,EXPIRED,5,1.99
20260731,PBA,EXPIRED,5,-2.92
20260731,PNW,EXPIRED,5,0.04
20260731,RAL,WON,2,3.07
20260731,REYN,WON,1,2.0
20260731,SBRA,EXPIRED,5,-0.61
20260731,SRRK,WON,3,3.05
20260731,STAG,EXPIRED,5,-2.51
20260731,TGTX,LOST,1,-10.49
20260731,TROW,EXPIRED,5,2.03
20260731,WELL,EXPIRED,5,1.06
20260731,WM,EXPIRED,5,0.5
20260731,WPC,EXPIRED,5,-2.43
20260731,XEL,EXPIRED,5,-0.17
20260803,AAPL,EXPIRED,5,0.49
20260803,ABBV,EXPIRED,5,1.49
20260803,ADC,EXPIRED,5,-4.58
20260803,ADM,WON,1,2.87
20260803,AHR,WON,3,2.21
20260803,BBIO,WON,1,2.88
20260803,BGC,LOST,2,-7.55
20260803,BTI,EXPIRED,5,-4.62
20260803,BYD,WON,1,3.5
20260803,CF,EXPIRED,5,-0.93
20260803,CL,WON,1,2.14
20260803,CNI,WON,1,1.66
20260803,CNP,EXPIRED,5,-4.15
20260803,CTVA,EXPIRED,5,-0.67
20260803,D,EXPIRED,5,-0.95
20260803,DOC,WON,1,2.45
20260803,DUK,EXPIRED,5,-1.74
20260803,EBAY,WON,2,5.93
20260803,ED,EXPIRED,5,-0.42
20260803,EIX,EXPIRED,5,-2.2
20260803,ENB,LOST,1,-4.16
20260803,EPRT,EXPIRED,5,-1.67
20260803,HLT,WON,1,1.86
20260803,HR,LOST,4,-5.55
20260803,HXL,WON,1,2.42
20260803,INGM,EXPIRED,5,0.5
20260803,KIM,LOST,3,-4.57
20260803,KNX,WON,1,2.0
20260803,KRG,LOST,4,-5.64
20260803,KVUE,WON,1,2.16
20260803,LLY,WON,1,4.44
20260803,MAR,EXPIRED,5,0.77
20260803,MGM,WON,1,1.91
20260803,MNST,LOST,4,-6.51
20260803,NNN,WON,2,0.8
20260803,NVS,EXPIRED,5,0.61
20260803,O,WON,2,1.53
20260803,ODFL,WON,1,2.61
20260803,OHI,LOST,5,-5.94
20260803,PBA,EXPIRED,5,1.27
20260803,PM,EXPIRED,5,-0.63
20260803,PNW,WON,1,1.33
20260803,PRMB,WON,1,2.42
20260803,RAL,WON,1,2.0
20260803,RPRX,WON,1,2.76
20260803,SBRA,EXPIRED,5,-5.12
20260803,SGHC,EXPIRED,5,-6.43
20260803,SO,EXPIRED,5,-1.91
20260803,SRRK,WON,1,4.93
20260803,TGTX,EXPIRED,5,8.08
20260803,TRP,EXPIRED,5,-3.37
20260803,VRTX,WON,1,2.11
20260803,WELL,WON,2,1.91
20260803,WM,WON,3,2.04
20260803,WPC,EXPIRED,5,-3.99
20260804,ABBV,WON,5,3.41
20260804,ABEV,LOST,4,-5.92
20260804,ADC,EXPIRED,5,-2.57
20260804,AFL,EXPIRED,5,-3.53
20260804,AHR,WON,1,2.24
20260804,ARMK,WON,1,1.16
20260804,BGC,LOST,3,-7.74
20260804,BRKR,EXPIRED,5,17.83
20260804,BRX,LOST,3,-4.87
20260804,BTI,EXPIRED,5,-5.55
20260804,CCEP,WON,1,3.01
20260804,CF,EXPIRED,5,1.09
20260804,CNP,EXPIRED,5,-2.53
20260804,CTRE,EXPIRED,5,-4.11
20260804,DOC,LOST,4,-5.6
20260804,DUK,EXPIRED,5,-1.49
20260804,EIX,EXPIRED,5,-1.82
20260804,ENB,LOST,1,-4.42
20260804,EPRT,EXPIRED,5,1.11
20260804,F,EXPIRED,5,-2.88
20260804,FR,EXPIRED,5,-1.26
20260804,HLT,WON,1,1.94
20260804,HR,EXPIRED,5,-5.23
20260804,KIM,EXPIRED,5,-3.32
20260804,KRG,EXPIRED,5,-4.36
20260804,LLY,WON,1,3.09
20260804,MAR,WON,1,5.53
20260804,MOH,WON,1,1.95
20260804,NNN,WON,1,0.87
20260804,NVS,WON,2,1.83
20260804,O,WON,1,1.64
20260804,OHI,LOST,4,-5.97
20260804,PAA,EXPIRED,5,-1.32
20260804,PAGP,EXPIRED,5,0.16
20260804,PECO,LOST,4,-5.02
20260804,PFGC,WON,1,1.87
20260804,PLD,EXPIRED,5,1.21
20260804,PM,WON,1,2.25
20260804,REG,WON,1,1.1
20260804,SFD,LOST,4,-6.59
20260804,SPG,EXPIRED,5,-2.36
20260804,SYY,WON,1,2.2
20260804,TIGO,WON,1,1.66
20260804,TRP,EXPIRED,5,-2.69
20260804,UNH,WON,1,2.04
20260804,WELL,WON,1,1.55
20260804,WM,WON,1,1.32
20260804,WPC,EXPIRED,5,-2.25
20260805,ABEV,LOST,3,-5.94
20260805,ADC,EXPIRED,5,-1.27
20260805,AEP,EXPIRED,5,-0.86
20260805,AM,WON,2,2.55
20260805,AMX,EXPIRED,5,-3.16
20260805,APA,WON,1,4.44
20260805,BALL,EXPIRED,5,-2.46
20260805,BGC,EXPIRED,5,-0.36
20260805,BP,EXPIRED,5,2.67
20260805,BRX,EXPIRED,5,-3.04
20260805,CF,WON,2,3.52
20260805,CNQ,WON,2,3.8
20260805,COP,WON,2,2.86
20260805,CTAS,WON,3,1.34
20260805,CVE,WON,2,5.7
20260805,CVS,EXPIRED,5,-4.17
20260805,DINO,WON,5,6.97
20260805,DRS,WON,1,1.9
20260805,DUK,EXPIRED,5,0.05
20260805,DVN,WON,2,4.54
20260805,EIX,EXPIRED,5,3.45
20260805,ENB,EXPIRED,5,-2.59
20260805,EOG,EXPIRED,5,5.35
20260805,EQNR,WON,2,4.41
20260805,F,EXPIRED,5,-1.7
20260805,FANG,WON,2,5.23
20260805,FE,EXPIRED,5,-1.99
20260805,FR,EXPIRED,5,-1.31
20260805,KIM,EXPIRED,5,-1.93
20260805,KRG,EXPIRED,5,-3.22
20260805,LINE,WON,1,2.21
20260805,NBIX,EXPIRED,5,-6.61
20260805,O,EXPIRED,5,0.4
20260805,OGE,WON,1,0.55
20260805,OHI,LOST,3,-5.55
20260805,ON,WON,1,4.91
20260805,OVV,WON,2,5.12
20260805,OXY,WON,1,3.1
20260805,PAA,EXPIRED,5,1.21
20260805,PBA,WON,3,3.05
20260805,PBF,WON,3,11.28
20260805,PCG,WON,1,1.45
20260805,PECO,LOST,3,-4.71
20260805,PFGC,WON,1,1.41
20260805,PR,WON,2,4.6
20260805,PSX,WON,2,2.38
20260805,REG,LOST,2,-4.24
20260805,SFD,LOST,3,-6.34
20260805,SM,WON,2,7.62
20260805,SPG,EXPIRED,5,-1.49
20260805,SSL,WON,2,3.75
20260805,SU,WON,5,4.19
20260805,TIGO,WON,1,2.32
20260805,TRP,EXPIRED,5,-1.13
20260805,VG,WON,1,4.51
20260805,WM,WON,1,0.65
20260805,WPC,EXPIRED,5,-0.96
20260805,XOM,WON,2,1.97
20260805,YPF,WON,2,4.4
20260806,ABEV,LOST,3,-5.98
20260806,AEE,WON,4,0.81
20260806,AMX,EXPIRED,5,-1.96
20260806,BALL,EXPIRED,5,-2.08
20260806,BBY,WON,2,5.57
20260806,BGC,WON,5,5.61
20260806,BRX,EXPIRED,5,-1.29
20260806,CF,WON,1,1.95
20260806,CVS,EXPIRED,5,0.98
20260806,D,WON,4,2.46
20260806,DDOG,EXPIRED,5,11.41
20260806,DINO,WON,2,4.74
20260806,EIX,WON,2,4.43
20260806,ENB,EXPIRED,5,-1.53
20260806,F,WON,5,3.34
20260806,FE,EXPIRED,5,0.08
20260806,FR,EXPIRED,5,-0.82
20260806,HST,EXPIRED,5,-2.05
20260806,KDP,WON,4,1.58
20260806,KHC,EXPIRED,5,2.2
20260806,KIM,EXPIRED,5,-0.08
20260806,KRG,EXPIRED,5,-0.97
20260806,LINE,WON,1,2.34
20260806,LNT,WON,4,1.4
20260806,MAC,EXPIRED,5,5.19
20260806,MCO,WON,1,1.56
20260806,MTCH,EXPIRED,5,3.66
20260806,NBIX,WON,1,2.67
20260806,O,WON,4,1.12
20260806,OGE,WON,4,0.83
20260806,OHI,LOST,2,-5.55
20260806,OSCR,WON,3,12.28
20260806,OUT,EXPIRED,5,-4.4
20260806,PCG,WON,1,1.71
20260806,REG,EXPIRED,5,-0.32
20260806,SFD,LOST,2,-6.38
20260806,SGHC,EXPIRED,5,0.31
20260806,SM,WON,1,6.76
20260806,SNEX,EXPIRED,5,0.57
20260806,SOLV,WON,3,4.12
20260806,SPG,EXPIRED,5,-1.01
20260806,SU,WON,4,4.94
20260806,TECH,WON,1,0.19
20260806,TRP,EXPIRED,5,0.19
20260806,TS,EXPIRED,5,0.34
20260806,VTRS,EXPIRED,5,-0.37
20260806,WDC,EXPIRED,5,12.69
20260806,WPC,EXPIRED,5,-0.32
20260807,ABEV,LOST,3,-6.0
20260807,AKAM,WON,1,7.22
20260807,AUB,WON,4,2.15
20260807,BGC,WON,4,4.93
20260807,CF,WON,1,2.18
20260807,CVS,EXPIRED,5,1.53
20260807,DINO,WON,1,4.21
20260807,ENB,EXPIRED,5,-0.72
20260807,FLG,WON,2,1.65
20260807,HR,EXPIRED,5,-4.11
20260807,HST,EXPIRED,5,-1.67
20260807,HUT,EXPIRED,5,-3.56
20260807,ILMN,EXPIRED,5,1.56
20260807,ITUB,LOST,3,-6.05
20260807,KDP,WON,4,2.07
20260807,KIM,EXPIRED,5,-0.2
20260807,KRG,EXPIRED,5,-1.12
20260807,LNT,WON,3,1.2
20260807,MNST,LOST,1,-6.7
20260807,OHI,LOST,2,-5.37
20260807,ORI,EXPIRED,5,-0.42
20260807,PB,WON,3,0.82
20260807,SNEX,EXPIRED,5,1.91
20260807,SO,EXPIRED,5,-0.7
20260807,SOLV,WON,1,3.49
20260807,SU,WON,1,4.73
20260807,TRP,WON,2,1.91
20260807,TS,EXPIRED,5,1.02
20260807,VLO,WON,1,1.9
20260807,WDC,WON,4,14.24
20260807,WPC,EXPIRED,5,-0.26
20260810,AAL,EXPIRED,5,-6.33
20260810,ABEV,LOST,3,-6.12
20260810,ACGL,WON,1,0.68
20260810,AER,EXPIRED,5,0.03
20260810,AFL,EXPIRED,5,-0.67
20260810,AIG,EXPIRED,5,-1.92
20260810,BGC,WON,1,3.4
20260810,CBSH,WON,1,1.09
20260810,CGNX,EXPIRED,5,-1.48
20260810,CTRE,LOST,3,-5.99
20260810,CUBE,WON,2,1.71
20260810,CVS,EXPIRED,5,-0.79
20260810,DAL,WON,2,2.78
20260810,ED,WON,3,1.59
20260810,EXR,WON,2,1.68
20260810,FHN,WON,1,1.82
20260810,GTX,EXPIRED,5,-3.79
20260810,HOMB,WON,1,0.78
20260810,HR,EXPIRED,5,-2.7
20260810,HRL,EXPIRED,5,-1.46
20260810,HST,EXPIRED,5,1.1
20260810,HUT,WON,1,7.12
20260810,INGM,WON,2,2.88
20260810,INVH,WON,2,1.44
20260810,ITUB,LOST,1,-6.09
20260810,KDP,WON,2,3.45
20260810,KIM,WON,5,1.95
20260810,KRG,EXPIRED,5,0.11
20260810,LEVI,EXPIRED,5,-6.78
20260810,LUV,EXPIRED,5,-5.37
20260810,MGM,EXPIRED,5,-0.09
20260810,NNN,EXPIRED,5,-0.07
20260810,O,WON,1,0.94
20260810,OHI,EXPIRED,5,-2.0
20260810,OMF,WON,2,2.63
20260810,ORI,EXPIRED,5,-0.24
20260810,OUT,EXPIRED,5,-0.2
20260810,PB,WON,1,1.15
20260810,PNW,WON,1,1.59
20260810,REG,EXPIRED,5,0.11
20260810,RIOT,WON,1,7.42
20260810,SIRI,EXPIRED,5,-0.56
20260810,SNEX,WON,2,7.71
20260810,TFC,WON,2,1.16
20260810,VIK,WON,2,2.42
20260810,WPC,WON,3,1.56
20260811,AER,WON,2,1.94
20260811,AFL,EXPIRED,5,-3.77
20260811,AIG,EXPIRED,5,-2.08
20260811,AMH,WON,1,1.42
20260811,AMRX,WON,2,4.85
20260811,AVB,WON,1,2.26
20260811,BEN,WON,1,1.65
20260811,BGC,WON,1,2.85
20260811,BRX,WON,2,1.89
20260811,BUD,EXPIRED,5,-3.08
20260811,CGNX,WON,3,5.64
20260811,COGT,EXPIRED,5,-4.78
20260811,CSX,WON,1,0.98
20260811,CTRE,EXPIRED,5,2.95
20260811,CUBE,WON,1,1.57
20260811,CVS,WON,1,2.72
20260811,CZR,EXPIRED,5,-0.5
20260811,DFTX,WON,1,8.9
20260811,EQR,WON,1,2.15
20260811,EXR,WON,1,1.31
20260811,GGB,EXPIRED,5,-4.9
20260811,HIG,EXPIRED,5,-1.11
20260811,HON,EXPIRED,5,-3.65
20260811,HR,EXPIRED,5,0.89
20260811,HRL,EXPIRED,5,0.45
20260811,HST,WON,5,4.76
20260811,HXL,WON,1,1.79
20260811,INGM,WON,1,2.1
20260811,INVH,WON,1,1.31
20260811,KDP,WON,1,2.54
20260811,KIM,WON,1,1.67
20260811,KRG,WON,1,1.95
20260811,LEVI,EXPIRED,5,-3.25
20260811,LNC,WON,2,3.4
20260811,MFC,WON,1,1.0
20260811,MO,EXPIRED,5,1.54
20260811,NNN,WON,4,2.47
20260811,O,WON,1,0.61
20260811,OHI,EXPIRED,5,2.96
20260811,ORI,WON,3,1.3
20260811,OUT,EXPIRED,5,1.37
20260811,REG,WON,2,1.58
20260811,SBRA,EXPIRED,5,3.48
20260811,SIRI,WON,3,3.09
20260811,SPG,WON,1,1.09
20260811,TJX,LOST,5,-5.5
20260811,UDR,WON,2,1.9
20260811,UGP,WON,1,3.02
20260811,VIK,WON,1,3.52
20260811,VOYA,WON,1,2.11
20260811,VTR,WON,2,5.12
20260811,WELL,WON,1,3.64
20260811,WPC,WON,1,1.86
20260817,AMCR,WON,1,1.87
20260817,AMZN,WON,1,1.69
20260817,BALL,WON,1,1.32
20260817,BAYRY,WON,1,0.8
20260817,BBIO,WON,1,2.5
20260817,CB,WON,1,0.89
20260817,CHD,WON,1,2.82
20260817,CL,WON,1,1.92
20260817,CTAS,WON,1,1.63
20260817,DE,WON,2,1.98
20260817,ECL,WON,1,0.87
20260817,IFF,WON,1,2.38
20260817,M,WON,1,2.33
20260817,MMM,WON,1,1.26
20260817,PPG,WON,1,1.03
20260817,SON,WON,1,1.94
20260817,SYY,WON,2,1.98
20260817,TOL,WON,1,2.37
20260817,TROW,WON,1,0.94
20260817,TRV,WON,1,1.54
20260817,WSM,WON,1,1.51
20260817,WY,WON,2,2.37
20260818,AMZN,WON,1,1.43
20260818,AON,WON,1,2.31
20260818,BAX,WON,1,2.24
20260818,DE,WON,1,2.92
20260818,FR,WON,1,0.95
20260818,GM,WON,1,2.26
20260818,HR,WON,1,0.42
20260818,IFF,WON,1,2.44
20260818,MAS,WON,1,1.08
20260818,PPG,WON,1,1.0
20260818,RVTY,WON,1,2.36
20260818,SHC,WON,1,1.67
20260818,TROW,WON,1,0.44
20260818,UBS,WON,1,1.08
20260818,VNO,WON,1,2.54
20260818,VSXY,WON,1,5.12
20260818,WM,WON,1,0.43
